match_id,modelo,modelo_ganador_global,date,stage,group,home_team,away_team,lambda_home,lambda_away,factor_contexto_home,factor_contexto_away,prob_home_win,prob_draw,prob_away_win,prob_home_win_percent,prob_draw_percent,prob_away_win_percent,predicted_class
1,Regresion Lineal,True,2026-06-11,Group Stage,A,Mexico,South Africa,2.2019846548530047,0.8268693321838022,1.1025,1.1025,0.6800810761905258,0.19982193287749497,0.12009699093197913,68.00810761905258,19.982193287749496,12.009699093197913,H
2,Regresion Lineal,True,2026-06-11,Group Stage,A,South Korea,Czech Republic,2.0158999025692714,1.2403770583999627,1.1025,1.1025,0.5455837548185355,0.23021143099350994,0.22420481418795465,54.55837548185355,23.021143099350994,22.420481418795465,H
3,Regresion Lineal,True,2026-06-12,Group Stage,B,Canada,Bosnia and Herzegovina,2.0848198661789934,1.0615450606238093,1.1025,1.1025,0.6011557165057176,0.22106426298684417,0.17778002050743813,60.115571650571766,22.10642629868442,17.77800205074381,H
4,Regresion Lineal,True,2026-06-12,Group Stage,D,United States,Paraguay,2.062237280116918,0.9517013622313993,1.1025,1.1025,0.6223680804118397,0.21990284744651223,0.1577290721416482,62.23680804118396,21.990284744651223,15.77290721416482,H
5,Regresion Lineal,True,2026-06-13,Group Stage,B,Qatar,Switzerland,0.7501159450948853,1.8802559420115121,1.1025,1.1025,0.13437564064502897,0.2319404793247398,0.6336838800302311,13.437564064502897,23.19404793247398,63.368388003023114,A
6,Regresion Lineal,True,2026-06-13,Group Stage,C,Brazil,Morocco,1.6263541131830213,1.211506206192417,1.1025,1.1025,0.46119462135555606,0.2633165615830931,0.2754888170613509,46.11946213555561,26.331656158309308,27.54888170613509,H
7,Regresion Lineal,True,2026-06-13,Group Stage,C,Haiti,Scotland,1.0360671330934406,1.8487654678998546,1.1025,1.1025,0.20109780111632092,0.24357938401459076,0.5553228148690885,20.10978011163209,24.357938401459077,55.53228148690885,A
8,Regresion Lineal,True,2026-06-14,Group Stage,D,Australia,Turkey,2.021348237975066,1.0575901303201558,1.1025,1.1025,0.5886163042154557,0.22702702424951315,0.18435667153503113,58.86163042154558,22.702702424951315,18.435667153503115,H
9,Regresion Lineal,True,2026-06-14,Group Stage,E,Germany,Curacao,3.2772843561111835,0.621585946755172,1.1025,1.1025,0.8683555161827394,0.09522303501000179,0.036421448807258706,86.83555161827394,9.522303501000179,3.6421448807258705,H
10,Regresion Lineal,True,2026-06-14,Group Stage,F,Netherlands,Japan,2.367996562873475,1.1522340788730796,1.1025,1.1025,0.6368747328079891,0.1983680008701586,0.1647572663218524,63.68747328079891,19.83680008701586,16.47572663218524,H
11,Regresion Lineal,True,2026-06-14,Group Stage,E,Ivory Coast,Ecuador,1.2245691333038282,1.123928003223883,1.1025,1.1025,0.3742349053076738,0.3007828462085188,0.3249822484838074,37.42349053076738,30.078284620851882,32.498224848380744,H
12,Regresion Lineal,True,2026-06-14,Group Stage,F,Sweden,Tunisia,1.8211798174092995,1.712379832776316,1.1025,1.1025,0.40422722592519356,0.23592760498893256,0.35984516908587394,40.42272259251936,23.592760498893256,35.984516908587395,H
13,Regresion Lineal,True,2026-06-15,Group Stage,H,Spain,Cape Verde,3.3338899815541723,0.7727707711801628,1.1025,1.1025,0.8486633039188636,0.10295601449117907,0.04838068158995745,84.86633039188635,10.295601449117907,4.838068158995745,H
14,Regresion Lineal,True,2026-06-15,Group Stage,G,Belgium,Egypt,2.3658734962488124,0.9734522753866242,1.1025,1.1025,0.6763402180526376,0.19130313228190188,0.1323566496654606,67.63402180526376,19.13031322819019,13.235664966546059,H
15,Regresion Lineal,True,2026-06-15,Group Stage,H,Saudi Arabia,Uruguay,0.23991680711726743,1.7666867696727826,1.1025,1.1025,0.03984731521314112,0.2068977930235054,0.7532548917633535,3.984731521314112,20.689779302350537,75.32548917633535,A
16,Regresion Lineal,True,2026-06-15,Group Stage,G,Iran,New Zealand,2.2845837731788445,0.8833275005327358,1.1025,1.1025,0.6821619503943883,0.19452177248008468,0.12331627712552695,68.21619503943883,19.452177248008468,12.331627712552695,H
17,Regresion Lineal,True,2026-06-16,Group Stage,I,France,Senegal,2.2582444266312014,1.1923593955324574,1.1025,1.1025,0.6067934750484419,0.20888527896465062,0.1843212459869074,60.679347504844195,20.88852789646506,18.43212459869074,H
18,Regresion Lineal,True,2026-06-16,Group Stage,I,Iraq,Norway,0.9969083633236596,2.266415036051078,1.1025,1.1025,0.14587444143554082,0.20164306055775708,0.652482498006702,14.587444143554082,20.164306055775707,65.2482498006702,A
19,Regresion Lineal,True,2026-06-16,Group Stage,J,Argentina,Algeria,2.4440892089266337,0.5743166218209161,1.1025,1.1025,0.7806099727668959,0.15680127879671668,0.06258874843638737,78.06099727668959,15.680127879671668,6.258874843638737,H
20,Regresion Lineal,True,2026-06-17,Group Stage,J,Austria,Jordan,2.611756757698622,0.7446668176342889,1.1025,1.1025,0.7674443014493126,0.1547687020114898,0.0777869965391976,76.74443014493126,15.476870201148978,7.77869965391976,H
21,Regresion Lineal,True,2026-06-17,Group Stage,K,Portugal,DR Congo,2.618912579025779,0.9657642936728915,1.1025,1.1025,0.7211168473686603,0.16844106181425864,0.11044209081708112,72.11168473686604,16.844106181425865,11.04420908170811,H
22,Regresion Lineal,True,2026-06-17,Group Stage,L,England,Croatia,2.3289055290662373,0.9932924450354549,1.1025,1.1025,0.665069576690703,0.1956451406450508,0.13928528266424622,66.5069576690703,19.564514064505083,13.928528266424623,H
23,Regresion Lineal,True,2026-06-17,Group Stage,L,Ghana,Panama,1.2135287985938314,1.5110037723188643,1.1025,1.1025,0.2955771889189104,0.2728086465777769,0.4316141645033126,29.55771889189104,27.28086465777769,43.16141645033126,A
24,Regresion Lineal,True,2026-06-17,Group Stage,K,Uzbekistan,Colombia,0.7203825907622807,1.793370918998587,1.1025,1.1025,0.136593409406165,0.24136831221634883,0.622038278377486,13.659340940616499,24.136831221634882,62.203827837748605,A
25,Regresion Lineal,True,2026-06-18,Group Stage,A,Czech Republic,South Africa,2.1275466984942715,1.3600214519462432,1.1550000000000002,1.1550000000000002,0.5433043315815138,0.2220448622003786,0.23465080621810758,54.33043315815138,22.20448622003786,23.465080621810756,H
26,Regresion Lineal,True,2026-06-18,Group Stage,B,Switzerland,Bosnia and Herzegovina,2.294045496195422,0.9922859139141421,1.1355750000000002,1.1355750000000002,0.6587834435311559,0.19884998559138106,0.14236657087746307,65.8783443531156,19.884998559138108,14.236657087746307,H
27,Regresion Lineal,True,2026-06-18,Group Stage,B,Canada,Qatar,1.996062832433937,1.0630843067079476,1.1355750000000002,1.1355750000000002,0.5818638512852294,0.22957703346150188,0.1885591152532686,58.18638512852294,22.957703346150186,18.85591152532686,H
28,Regresion Lineal,True,2026-06-18,Group Stage,A,Mexico,South Korea,1.67280580042036,1.1470739039319098,1.0815000000000001,1.1355750000000002,0.48730002726481103,0.26040842308109563,0.2522915496540933,48.7300027264811,26.040842308109564,25.22915496540933,H
29,Regresion Lineal,True,2026-06-19,Group Stage,D,United States,Australia,1.8530189017682561,1.302050983279823,1.0815000000000001,1.0815000000000001,0.49533745383781236,0.24344614806157397,0.26121639810061353,49.53374538378124,24.3446148061574,26.121639810061353,H
30,Regresion Lineal,True,2026-06-19,Group Stage,C,Scotland,Morocco,0.5197810818267348,2.1635852833758524,1.1355750000000002,1.1355750000000002,0.06909158335379897,0.1820538554353196,0.7488545612108816,6.909158335379898,18.20538554353196,74.88545612108815,A
31,Regresion Lineal,True,2026-06-19,Group Stage,C,Brazil,Haiti,3.1093145414067354,0.37190320264288457,1.1355750000000002,1.1550000000000002,0.895672396825636,0.08415369407363779,0.020173909100726233,89.56723968256361,8.415369407363778,2.0173909100726233,H
32,Regresion Lineal,True,2026-06-20,Group Stage,D,Turkey,Paraguay,1.6504385687815033,1.4219918086843177,1.1550000000000002,1.1550000000000002,0.4218502368913275,0.25547733707589293,0.32267242603277946,42.18502368913275,25.547733707589295,32.26724260327794,H
33,Regresion Lineal,True,2026-06-20,Group Stage,F,Netherlands,Sweden,2.901902679465588,1.228602293893803,1.1355750000000002,1.1355750000000002,0.7113642455958036,0.15958601768071123,0.12904973672348516,71.13642455958036,15.958601768071123,12.904973672348516,H
34,Regresion Lineal,True,2026-06-20,Group Stage,E,Germany,Ivory Coast,2.7013722401822777,1.1565699415321913,1.0815000000000001,1.1355750000000002,0.6944014043629603,0.17132656545565447,0.13427203018138534,69.44014043629603,17.132656545565446,13.427203018138535,H
35,Regresion Lineal,True,2026-06-20,Group Stage,E,Ecuador,Curacao,3.2788275302284005,0.3836019901337185,1.1550000000000002,1.1550000000000002,0.9064917928034028,0.0753117063184057,0.018196500878191395,90.64917928034028,7.53117063184057,1.8196500878191395,H
36,Regresion Lineal,True,2026-06-21,Group Stage,F,Tunisia,Japan,0.8923926460605323,2.4703276352331707,1.1550000000000002,1.1355750000000002,0.10986065684035227,0.1773618063224253,0.7127775368372224,10.986065684035227,17.73618063224253,71.27775368372224,A
37,Regresion Lineal,True,2026-06-21,Group Stage,H,Spain,Saudi Arabia,3.2680307135352744,0.46362924981739495,1.1355750000000002,1.1355750000000002,0.8931394640646002,0.08288657038910312,0.02397396554629666,89.31394640646002,8.288657038910312,2.3973965546296663,H
38,Regresion Lineal,True,2026-06-21,Group Stage,G,Belgium,Iran,2.198895637600265,1.1742965990428418,1.1355750000000002,1.1355750000000002,0.5989190099941438,0.21353431080883856,0.18754667919701756,59.89190099941438,21.353431080883855,18.754667919701756,H
39,Regresion Lineal,True,2026-06-21,Group Stage,H,Uruguay,Cape Verde,2.0873077634274417,0.635114782497473,1.1355750000000002,1.1355750000000002,0.7056731219512897,0.20033353680098173,0.09399334124772855,70.56731219512898,20.033353680098173,9.399334124772855,H
40,Regresion Lineal,True,2026-06-21,Group Stage,G,New Zealand,Egypt,0.7589016201857339,2.086365100620235,1.1355750000000002,1.1355750000000002,0.11721975532517301,0.20844165850735327,0.6743385861674734,11.7219755325173,20.844165850735326,67.43385861674734,A
41,Regresion Lineal,True,2026-06-22,Group Stage,J,Argentina,Austria,2.3615108184976883,0.8564771619896944,1.0815000000000001,1.0815000000000001,0.7022118986743652,0.1855186358822535,0.11226946544338146,70.22118986743652,18.551863588225352,11.226946544338146,H
42,Regresion Lineal,True,2026-06-22,Group Stage,I,France,Iraq,3.166841037658773,0.6265238864420852,1.0815000000000001,1.1550000000000002,0.8572783358692136,0.10260530882513287,0.040116355305653446,85.72783358692136,10.260530882513287,4.011635530565345,H
43,Regresion Lineal,True,2026-06-22,Group Stage,I,Norway,Senegal,2.2000405120932887,1.6604827368934088,1.0815000000000001,1.1550000000000002,0.4962669967997319,0.2167389951634092,0.2869940080368587,49.62669967997319,21.67389951634092,28.69940080368587,H
44,Regresion Lineal,True,2026-06-22,Group Stage,J,Jordan,Algeria,1.0086700691241295,2.0508194260321093,1.1550000000000002,1.1550000000000002,0.1706992831362463,0.22288519157779965,0.6064155252859541,17.06992831362463,22.288519157779966,60.64155252859541,A
45,Regresion Lineal,True,2026-06-23,Group Stage,K,Portugal,Uzbekistan,2.6585614222994867,0.9523257730269801,1.1025,1.1550000000000002,0.7302148417344575,0.16432497844667995,0.10546017981886262,73.02148417344576,16.432497844667996,10.546017981886262,H
46,Regresion Lineal,True,2026-06-23,Group Stage,L,England,Ghana,3.017896070216828,0.5434417905562422,1.0815000000000001,1.0815000000000001,0.8574107989315594,0.1058094135662655,0.03677978750217516,85.74107989315594,10.58094135662655,3.6779787502175156,H
47,Regresion Lineal,True,2026-06-23,Group Stage,L,Panama,Croatia,1.3260837109879213,1.8737815235045288,1.1550000000000002,1.1550000000000002,0.26354936710176796,0.24159893768031138,0.49485169521792055,26.354936710176798,24.15989376803114,49.48516952179205,A
48,Regresion Lineal,True,2026-06-23,Group Stage,K,Colombia,DR Congo,2.35696949700278,1.0662408074607972,1.1355750000000002,1.1355750000000002,0.6538613102164188,0.1961770707239833,0.14996161905959798,65.38613102164189,19.61770707239833,14.996161905959799,H
49,Regresion Lineal,True,2026-06-24,Group Stage,B,Switzerland,Canada,1.799694938691098,1.483657716864525,1.0815000000000001,1.0815000000000001,0.4444250111726215,0.24405940628464742,0.31151558254273104,44.442501117262154,24.40594062846474,31.151558254273105,H
50,Regresion Lineal,True,2026-06-24,Group Stage,B,Bosnia and Herzegovina,Qatar,1.7283128621553756,1.3702471098299815,1.05,1.05,0.45136236818982456,0.25168513377844576,0.2969524980317296,45.136236818982454,25.168513377844576,29.695249803172956,H
51,Regresion Lineal,True,2026-06-24,Group Stage,C,Scotland,Brazil,0.6487596792384727,2.139473271000448,1.2491325000000004,1.1355750000000002,0.09270549210983077,0.19529828529818655,0.7119962225919826,9.270549210983077,19.529828529818655,71.19962225919826,A
52,Regresion Lineal,True,2026-06-24,Group Stage,C,Morocco,Haiti,2.82732779455401,0.21546499801359992,1.1355750000000002,1.05,0.9007297080244467,0.0863710659321106,0.012899226043442557,90.07297080244467,8.63710659321106,1.2899226043442558,H
53,Regresion Lineal,True,2026-06-24,Group Stage,A,Czech Republic,Mexico,1.4724416884163054,1.147250303547419,1.2127500000000002,0.9,0.43641621290024,0.27834447266718537,0.2852393144325745,43.641621290024005,27.834447266718538,28.52393144325745,H
54,Regresion Lineal,True,2026-06-24,Group Stage,A,South Africa,South Korea,0.8404498552366617,1.9146003919828947,1.2127500000000002,1.2127500000000002,0.15014713478469732,0.2316967294050999,0.6181561358102028,15.014713478469732,23.16967294050999,61.81561358102028,A
55,Regresion Lineal,True,2026-06-25,Group Stage,E,Ecuador,Germany,0.754339896522136,1.5753629090673138,1.2127500000000002,0.9,0.1689900202057228,0.27074821791402176,0.5602617618802557,16.89900202057228,27.074821791402176,56.026176188025566,A
56,Regresion Lineal,True,2026-06-25,Group Stage,E,Curacao,Ivory Coast,0.6524870793742519,2.7542118353984337,1.2127500000000002,1.1025,0.05832517180843424,0.13530699446317493,0.8063678337283909,5.832517180843424,13.530699446317493,80.63678337283909,A
57,Regresion Lineal,True,2026-06-25,Group Stage,F,Japan,Sweden,2.7910704367461814,1.392504369969834,1.2127500000000002,1.1355750000000002,0.6613150263028332,0.17390083021903308,0.16478414347813364,66.13150263028332,17.39008302190331,16.478414347813363,H
58,Regresion Lineal,True,2026-06-25,Group Stage,F,Tunisia,Netherlands,0.7362369872145664,2.6605179473666327,1.05,1.0815000000000001,0.07388179279860428,0.14984990653205862,0.7762683006693372,7.388179279860428,14.984990653205863,77.62683006693372,A
59,Regresion Lineal,True,2026-06-25,Group Stage,D,Turkey,United States,1.3927548781336847,1.3019242899688892,1.05,0.9,0.3820521339384064,0.2777742272873783,0.3401736387742151,38.205213393840644,27.77742272873783,34.01736387742151,H
60,Regresion Lineal,True,2026-06-25,Group Stage,D,Paraguay,Australia,1.0391037296961934,1.333867765549599,1.05,0.9,0.28076609990414814,0.2953463843529983,0.4238875157428535,28.076609990414813,29.534638435299833,42.38875157428535,A
61,Regresion Lineal,True,2026-06-26,Group Stage,I,Norway,France,1.1575629593751253,1.9388505769030688,0.9,0.9,0.21641787711714933,0.23627297372578457,0.5473091491570663,21.641787711714933,23.627297372578457,54.73091491570663,A
62,Regresion Lineal,True,2026-06-26,Group Stage,I,Senegal,Iraq,2.3684907654769023,0.9973565332300645,1.05,1.05,0.6714253401415147,0.1921842602438671,0.13639039961461819,67.14253401415147,19.21842602438671,13.639039961461819,H
63,Regresion Lineal,True,2026-06-26,Group Stage,H,Cape Verde,Saudi Arabia,1.672199092723725,1.4040656448759186,1.2127500000000002,1.2127500000000002,0.43081211936089975,0.25462983372225867,0.3145580469168414,43.08121193608997,25.462983372225867,31.455804691684143,H
64,Regresion Lineal,True,2026-06-26,Group Stage,H,Uruguay,Spain,0.9242008449090766,2.048031664935808,1.2491325000000004,1.1355750000000002,0.15361177761849554,0.22036577203126648,0.6260224503502381,15.361177761849554,22.036577203126647,62.602245035023806,A
65,Regresion Lineal,True,2026-06-26,Group Stage,G,Egypt,Iran,1.1118440101725993,1.5187013858970533,1.1355750000000002,1.2491325000000004,0.26822393058043315,0.27522645974630666,0.4565496096732601,26.822393058043314,27.522645974630667,45.654960967326005,A
66,Regresion Lineal,True,2026-06-26,Group Stage,G,New Zealand,Belgium,0.4552875211375439,2.8243181927552956,1.2127500000000002,1.2127500000000002,0.033773983538915024,0.1120525957222072,0.8541734207388778,3.3773983538915022,11.20525957222072,85.41734207388778,A
67,Regresion Lineal,True,2026-06-27,Group Stage,L,Panama,England,0.2724713542064836,2.134363470315739,1.05,1.0815000000000001,0.032652086495159174,0.15907048483340916,0.8082774286714318,3.2652086495159174,15.907048483340915,80.82774286714319,A
68,Regresion Lineal,True,2026-06-27,Group Stage,L,Croatia,Ghana,2.6111703769150907,1.009245411375174,1.2491325000000004,1.1355750000000002,0.7106078713826556,0.1714614970488096,0.11793063156853492,71.06078713826555,17.146149704880962,11.793063156853492,H
69,Regresion Lineal,True,2026-06-27,Group Stage,K,Colombia,Portugal,1.5776096378082214,1.93681208517378,1.0815000000000001,1.0815000000000001,0.3101127504385588,0.23348296121597192,0.4564042883454694,31.01127504385588,23.348296121597194,45.640428834546945,A
70,Regresion Lineal,True,2026-06-27,Group Stage,K,DR Congo,Uzbekistan,1.5941624775637782,0.8837371649474942,1.05,1.05,0.5313201297215219,0.26984092899551615,0.19883894128296187,53.13201297215219,26.984092899551616,19.883894128296188,H
71,Regresion Lineal,True,2026-06-27,Group Stage,J,Algeria,Austria,0.9862170605512505,1.4930043281880416,1.05,0.9,0.2398771465559488,0.2805448631329715,0.47957799031107956,23.98771465559488,28.05448631329715,47.95779903110795,A
72,Regresion Lineal,True,2026-06-27,Group Stage,J,Jordan,Argentina,0.052500000000000005,2.036048516272555,1.05,0.9,0.00597917252854575,0.13962147802149077,0.8543993494499635,0.597917252854575,13.962147802149078,85.43993494499635,A
1,Ridge,False,2026-06-11,Group Stage,A,Mexico,South Africa,2.202736144720358,0.8261730919222275,1.1025,1.1025,0.6803897988044418,0.19970551666947997,0.11990468452607814,68.03897988044419,19.970551666947998,11.990468452607814,H
2,Ridge,False,2026-06-11,Group Stage,A,South Korea,Czech Republic,2.0164758091901014,1.2398121294669664,1.1025,1.1025,0.545835646443074,0.23015900811350848,0.2240053454434176,54.5835646443074,23.015900811350846,22.40053454434176,H
3,Ridge,False,2026-06-12,Group Stage,B,Canada,Bosnia and Herzegovina,2.084805757084623,1.061592759929995,1.1025,1.1025,0.6011416649692323,0.22106685994574324,0.17779147508502446,60.114166496923225,22.106685994574324,17.779147508502447,H
4,Ridge,False,2026-06-12,Group Stage,D,United States,Paraguay,2.0615319539038817,0.9523160494048303,1.1025,1.1025,0.6220741171059104,0.21999640027023842,0.1579294826238511,62.207411710591046,21.999640027023844,15.79294826238511,H
5,Ridge,False,2026-06-13,Group Stage,B,Qatar,Switzerland,0.7505060174025223,1.8800888222487857,1.1025,1.1025,0.13447516772381515,0.231978644690053,0.6335461875861319,13.447516772381515,23.1978644690053,63.35461875861319,A
6,Ridge,False,2026-06-13,Group Stage,C,Brazil,Morocco,1.6257964997283085,1.2121434238499067,1.1025,1.1025,0.4609135668225455,0.26334891188896936,0.27573752128848517,46.09135668225455,26.334891188896936,27.57375212884852,H
7,Ridge,False,2026-06-13,Group Stage,C,Haiti,Scotland,1.0361365545730805,1.8487102741931443,1.1025,1.1025,0.20112072336621747,0.24358576003849794,0.5552935165952846,20.112072336621747,24.358576003849794,55.52935165952846,A
8,Ridge,False,2026-06-14,Group Stage,D,Australia,Turkey,2.022372541348349,1.0566847865400995,1.1025,1.1025,0.5890486522623672,0.2269078583063866,0.18404348943124615,58.90486522623672,22.69078583063866,18.404348943124617,H
9,Ridge,False,2026-06-14,Group Stage,E,Germany,Curacao,3.276656568136533,0.6218255103083954,1.1025,1.1025,0.8682600762940764,0.09528012262044325,0.03645980108548017,86.82600762940764,9.528012262044324,3.645980108548017,H
10,Ridge,False,2026-06-14,Group Stage,F,Netherlands,Japan,2.367490108878478,1.1525030722357086,1.1025,1.1025,0.6367202048019698,0.1984201012744786,0.1648596939235516,63.67202048019698,19.84201012744786,16.48596939235516,H
11,Ridge,False,2026-06-14,Group Stage,E,Ivory Coast,Ecuador,1.2243951240382047,1.1244339396138348,1.1025,1.1025,0.37407611621767,0.30076500979394694,0.32515887398838306,37.407611621767,30.076500979394694,32.5158873988383,H
12,Ridge,False,2026-06-14,Group Stage,F,Sweden,Tunisia,1.8215001370548674,1.7118045284705987,1.1025,1.1025,0.4044079623846419,0.23593266386454037,0.3596593737508177,40.44079623846419,23.593266386454037,35.96593737508177,H
13,Ridge,False,2026-06-15,Group Stage,H,Spain,Cape Verde,3.3330330601570757,0.7730130516764814,1.1025,1.1025,0.8485404931011014,0.10302568028646604,0.048433826612432604,84.85404931011014,10.302568028646604,4.84338266124326,H
14,Ridge,False,2026-06-15,Group Stage,G,Belgium,Egypt,2.3650426554122626,0.9741492688419696,1.1025,1.1025,0.6760320907200525,0.19141329217989056,0.13255461710005684,67.60320907200526,19.141329217989057,13.255461710005683,H
15,Ridge,False,2026-06-15,Group Stage,H,Saudi Arabia,Uruguay,0.24049764514528668,1.7667093902789361,1.1025,1.1025,0.039952972071182855,0.20696534974410605,0.7530816781847111,3.9952972071182855,20.696534974410604,75.3081678184711,A
16,Ridge,False,2026-06-15,Group Stage,G,Iran,New Zealand,2.284620985205204,0.8832893421727898,1.1025,1.1025,0.6821776916047576,0.19451608818081684,0.12330622021442547,68.21776916047575,19.451608818081684,12.330622021442547,H
17,Ridge,False,2026-06-16,Group Stage,I,France,Senegal,2.2567508614249423,1.1931908243333098,1.1025,1.1025,0.606312953455552,0.20903299811707746,0.18465404842737057,60.6312953455552,20.903299811707747,18.46540484273706,H
18,Ridge,False,2026-06-16,Group Stage,I,Iraq,Norway,0.9975218438646744,2.265462827699645,1.1025,1.1025,0.1460819157185605,0.20175835959271832,0.6521597246887212,14.60819157185605,20.175835959271833,65.21597246887212,A
19,Ridge,False,2026-06-16,Group Stage,J,Argentina,Algeria,2.4427563970318196,0.5754697628260611,1.1025,1.1025,0.7801470510410244,0.1570344160579754,0.06281853290100006,78.01470510410245,15.703441605797542,6.281853290100006,H
20,Ridge,False,2026-06-17,Group Stage,J,Austria,Jordan,2.6116806977691485,0.7446891904249259,1.1025,1.1025,0.7674283469210851,0.15477712146845612,0.0777945316104588,76.7428346921085,15.477712146845612,7.779453161045879,H
21,Ridge,False,2026-06-17,Group Stage,K,Portugal,DR Congo,2.6174460276783025,0.9667563689669807,1.1025,1.1025,0.7206712735614691,0.1686212927382834,0.11070743370024745,72.06712735614691,16.86212927382834,11.070743370024745,H
22,Ridge,False,2026-06-17,Group Stage,L,England,Croatia,2.3288442361082327,0.9931547741473618,1.1025,1.1025,0.6650894611324876,0.19564466338451975,0.13926587548299282,66.50894611324875,19.564466338451975,13.926587548299283,H
23,Ridge,False,2026-06-17,Group Stage,L,Ghana,Panama,1.213074576894116,1.5114990049225236,1.1025,1.1025,0.2953744739915623,0.27278398391660114,0.43184154209183667,29.537447399156232,27.278398391660115,43.18415420918367,A
24,Ridge,False,2026-06-17,Group Stage,K,Uzbekistan,Colombia,0.7220290656068574,1.79231814288436,1.1025,1.1025,0.13706486398331558,0.24157304473833158,0.621362091278353,13.706486398331558,24.157304473833157,62.13620912783529,A
25,Ridge,False,2026-06-18,Group Stage,A,Czech Republic,South Africa,2.12709578617065,1.3604026861272323,1.1550000000000002,1.1550000000000002,0.5431270328389348,0.22208137747914086,0.2347915896819243,54.312703283893484,22.208137747914087,23.47915896819243,H
26,Ridge,False,2026-06-18,Group Stage,B,Switzerland,Bosnia and Herzegovina,2.293737230992886,0.9925872886335002,1.1355750000000002,1.1355750000000002,0.6586564847030496,0.1988919317760511,0.14245158352089932,65.86564847030496,19.88919317760511,14.245158352089932,H
27,Ridge,False,2026-06-18,Group Stage,B,Canada,Qatar,1.9965208718135659,1.062963190419327,1.1355750000000002,1.1355750000000002,0.5819917817534468,0.22953049876412,0.18847771948243325,58.19917817534468,22.953049876412,18.847771948243324,H
28,Ridge,False,2026-06-18,Group Stage,A,Mexico,South Korea,1.673313140767729,1.1465650320285055,1.0815000000000001,1.1355750000000002,0.48754180434435146,0.2603690008199873,0.2520891948356613,48.75418043443515,26.03690008199873,25.208919483566127,H
29,Ridge,False,2026-06-19,Group Stage,D,United States,Australia,1.851308877226477,1.303195052585098,1.0815000000000001,1.0815000000000001,0.49469218524729774,0.24357004558362524,0.2617377691690771,49.469218524729776,24.357004558362526,26.17377691690771,H
30,Ridge,False,2026-06-19,Group Stage,C,Scotland,Morocco,0.520521941412358,2.162923598704884,1.1355750000000002,1.1355750000000002,0.06925043029328323,0.1821974423035422,0.7485521274031743,6.925043029328323,18.21974423035422,74.85521274031743,A
31,Ridge,False,2026-06-19,Group Stage,C,Brazil,Haiti,3.1086103299251424,0.372548454402554,1.1355750000000002,1.1550000000000002,0.895507819293119,0.08425846110195645,0.02023371960492468,89.5507819293119,8.425846110195645,2.0233719604924683,H
32,Ridge,False,2026-06-20,Group Stage,D,Turkey,Paraguay,1.6492015171599472,1.4229796129588055,1.1550000000000002,1.1550000000000002,0.42134788736721707,0.255523540980357,0.3231285716524259,42.13478873672171,25.5523540980357,32.31285716524259,H
33,Ridge,False,2026-06-20,Group Stage,F,Netherlands,Sweden,2.90075745072219,1.229108120794969,1.1355750000000002,1.1355750000000002,0.7110913311609149,0.15969109563291933,0.12921757320616564,71.1091331160915,15.969109563291934,12.921757320616564,H
34,Ridge,False,2026-06-20,Group Stage,E,Germany,Ivory Coast,2.6999792487299437,1.157426018802936,1.0815000000000001,1.1355750000000002,0.693998077313393,0.1714735447142074,0.13452837797239955,69.39980773133931,17.14735447142074,13.452837797239955,H
35,Ridge,False,2026-06-20,Group Stage,E,Ecuador,Curacao,3.2780122878451214,0.38434055722125365,1.1550000000000002,1.1550000000000002,0.9063198490118936,0.07542220689206292,0.018257944096043418,90.63198490118936,7.5422206892062915,1.8257944096043417,H
36,Ridge,False,2026-06-21,Group Stage,F,Tunisia,Japan,0.8917977678926436,2.4704737698829464,1.1550000000000002,1.1355750000000002,0.10975174837852945,0.17731372871040438,0.7129345229110662,10.975174837852945,17.73137287104044,71.29345229110662,A
37,Ridge,False,2026-06-21,Group Stage,H,Spain,Saudi Arabia,3.2677259000422856,0.4638336937099858,1.1355750000000002,1.1355750000000002,0.8930832518501699,0.08292169670096214,0.023995051448867863,89.308325185017,8.292169670096214,2.399505144886786,H
38,Ridge,False,2026-06-21,Group Stage,G,Belgium,Iran,2.198344591741689,1.1747669689070697,1.1355750000000002,1.1355750000000002,0.5987020255796223,0.21359308199208427,0.1877048924282937,59.87020255796223,21.359308199208428,18.77048924282937,H
39,Ridge,False,2026-06-21,Group Stage,H,Uruguay,Cape Verde,2.0870274327583465,0.6357547655391421,1.1355750000000002,1.1355750000000002,0.7054569750140182,0.2004125919866897,0.09413043299929227,70.54569750140182,20.04125919866897,9.413043299929228,H
40,Ridge,False,2026-06-21,Group Stage,G,New Zealand,Egypt,0.7587380574863529,2.086706757300365,1.1355750000000002,1.1355750000000002,0.1171592111582754,0.20839417484485284,0.6744466139968717,11.715921115827541,20.839417484485285,67.44466139968716,A
41,Ridge,False,2026-06-22,Group Stage,J,Argentina,Austria,2.360588567056172,0.8571077362516623,1.0815000000000001,1.0815000000000001,0.7019050478479976,0.18564450255735374,0.11245044959464867,70.19050478479976,18.564450255735373,11.245044959464867,H
42,Ridge,False,2026-06-22,Group Stage,I,France,Iraq,3.166031999700503,0.6267922275678067,1.0815000000000001,1.1550000000000002,0.8571539708250102,0.10267964016715098,0.04016638900783859,85.71539708250103,10.267964016715098,4.0166389007838585,H
43,Ridge,False,2026-06-22,Group Stage,I,Norway,Senegal,2.199979689270859,1.6601694688427195,1.0815000000000001,1.1550000000000002,0.4963167216912609,0.2167449978720912,0.28693828043664804,49.63167216912609,21.67449978720912,28.693828043664805,H
44,Ridge,False,2026-06-22,Group Stage,J,Jordan,Algeria,1.0081344002081487,2.051220410374031,1.1550000000000002,1.1550000000000002,0.17054319924666042,0.22282996530670546,0.6066268354466342,17.054319924666043,22.282996530670545,60.66268354466342,A
45,Ridge,False,2026-06-23,Group Stage,K,Portugal,Uzbekistan,2.657424689625667,0.953127426587913,1.1025,1.1550000000000002,0.7298686694507471,0.16446689653064078,0.10566443401861214,72.98686694507471,16.446689653064077,10.566443401861214,H
46,Ridge,False,2026-06-23,Group Stage,L,England,Ghana,3.0173139388965744,0.543566981708887,1.0815000000000001,1.0815000000000001,0.8573300077821642,0.10586117525170036,0.03680881696613564,85.73300077821642,10.586117525170035,3.6808816966135636,H
47,Ridge,False,2026-06-23,Group Stage,L,Panama,Croatia,1.3265741387515901,1.8733423064123609,1.1550000000000002,1.1550000000000002,0.2637274986990369,0.24162816808048693,0.4946443332204762,26.37274986990369,24.162816808048692,49.46443332204762,A
48,Ridge,False,2026-06-23,Group Stage,K,Colombia,DR Congo,2.3561676407270995,1.0668163554422403,1.1355750000000002,1.1355750000000002,0.6535835818639586,0.1962713100793399,0.1501451080567015,65.35835818639586,19.62713100793399,15.01451080567015,H
49,Ridge,False,2026-06-24,Group Stage,B,Switzerland,Canada,1.799742571009932,1.4834512959526063,1.0815000000000001,1.0815000000000001,0.4444784073332818,0.24406159114235218,0.311460001524366,44.44784073332818,24.40615911423522,31.1460001524366,H
50,Ridge,False,2026-06-24,Group Stage,B,Bosnia and Herzegovina,Qatar,1.7282044265611294,1.370417576863864,1.05,1.05,0.4513003326033105,0.25168872293698946,0.2970109444597,45.13003326033105,25.168872293698946,29.70109444597,H
51,Ridge,False,2026-06-24,Group Stage,C,Scotland,Brazil,0.6499773382418933,2.138639220987919,1.2491325000000004,1.1355750000000002,0.09298162800949912,0.19548152663712245,0.7115368453533786,9.298162800949912,19.548152663712244,71.15368453533786,A
52,Ridge,False,2026-06-24,Group Stage,C,Morocco,Haiti,2.8274579661351193,0.21546746541206627,1.1355750000000002,1.05,0.9007399951261741,0.08636218551537934,0.012897819358446519,90.0739995126174,8.636218551537935,1.2897819358446518,H
53,Ridge,False,2026-06-24,Group Stage,A,Czech Republic,Mexico,1.4708216881359495,1.148431748372826,1.2127500000000002,0.9,0.435725269744768,0.2784464547077953,0.2858282755474368,43.5725269744768,27.84464547077953,28.582827554743677,H
54,Ridge,False,2026-06-24,Group Stage,A,South Africa,South Korea,0.8404612579877737,1.914917380417762,1.2127500000000002,1.2127500000000002,0.15011607364230944,0.23166124955068093,0.6182226768070096,15.011607364230944,23.166124955068092,61.82226768070096,A
55,Ridge,False,2026-06-25,Group Stage,E,Ecuador,Germany,0.7544158100848639,1.5754046484146067,1.2127500000000002,0.9,0.16900379833719834,0.2707440718838412,0.5602521297789604,16.900379833719832,27.07440718838412,56.02521297789605,A
56,Ridge,False,2026-06-25,Group Stage,E,Curacao,Ivory Coast,0.6531764315340396,2.753249422290735,1.2127500000000002,1.1025,0.05845311630265955,0.13544338950736307,0.8061034941899773,5.845311630265955,13.544338950736307,80.61034941899773,A
57,Ridge,False,2026-06-25,Group Stage,F,Japan,Sweden,2.790454839674093,1.3925154764070389,1.2127500000000002,1.1355750000000002,0.6612108934130554,0.17394399113726963,0.16484511544967512,66.12108934130553,17.394399113726962,16.48451154496751,H
58,Ridge,False,2026-06-25,Group Stage,F,Tunisia,Netherlands,0.7366303831452997,2.6597764278110274,1.05,1.0815000000000001,0.07397638985614648,0.14994385693010287,0.7760797532137506,7.397638985614647,14.994385693010287,77.60797532137505,A
59,Ridge,False,2026-06-25,Group Stage,D,Turkey,United States,1.3930443168890438,1.3017568627382339,1.05,0.9,0.38216233211373807,0.2777634890919723,0.3400741787942897,38.216233211373805,27.776348909197228,34.00741787942897,H
60,Ridge,False,2026-06-25,Group Stage,D,Paraguay,Australia,1.038975067929962,1.3339705746917716,1.05,0.9,0.28071233113467114,0.295341742757302,0.42394592610802695,28.071233113467116,29.5341742757302,42.3945926108027,A
61,Ridge,False,2026-06-26,Group Stage,I,Norway,France,1.1577626878823974,1.9381994608981985,0.9,0.9,0.2165490433265831,0.23633327257759412,0.5471176840958228,21.654904332658308,23.63332725775941,54.711768409582284,A
62,Ridge,False,2026-06-26,Group Stage,I,Senegal,Iraq,2.367734153788092,0.9977950779377662,1.05,1.05,0.6711887950083182,0.192273604274609,0.13653760071707277,67.11887950083182,19.227360427460898,13.653760071707277,H
63,Ridge,False,2026-06-26,Group Stage,H,Cape Verde,Saudi Arabia,1.6723532210293721,1.4042786082025838,1.2127500000000002,1.2127500000000002,0.4308048172251804,0.25461283522896416,0.31458234754585557,43.08048172251804,25.461283522896416,31.458234754585558,H
64,Ridge,False,2026-06-26,Group Stage,H,Uruguay,Spain,0.9243336348830807,2.047996018757138,1.2491325000000004,1.1355750000000002,0.1536426242090008,0.220374423097343,0.6259829526936562,15.36426242090008,22.037442309734303,62.59829526936562,A
65,Ridge,False,2026-06-26,Group Stage,G,Egypt,Iran,1.1127968701116748,1.518246393747666,1.1355750000000002,1.2491325000000004,0.2685442658030984,0.2752438186474347,0.4562119155494669,26.85442658030984,27.524381864743468,45.62119155494669,A
66,Ridge,False,2026-06-26,Group Stage,G,New Zealand,Belgium,0.45626594581001734,2.823600075330795,1.2127500000000002,1.2127500000000002,0.03389180134270184,0.11220283769972532,0.8539053609575726,3.389180134270184,11.220283769972532,85.39053609575727,A
67,Ridge,False,2026-06-27,Group Stage,L,Panama,England,0.27201573118462635,2.1348938142393856,1.05,1.0815000000000001,0.03257258415256106,0.1589482244978414,0.8084791913495976,3.257258415256106,15.89482244978414,80.84791913495975,A
68,Ridge,False,2026-06-27,Group Stage,L,Croatia,Ghana,2.6108932828573765,1.0092523704995862,1.2491325000000004,1.1355750000000002,0.7105613579916414,0.17148518042621372,0.11795346158214474,71.05613579916414,17.148518042621372,11.795346158214475,H
69,Ridge,False,2026-06-27,Group Stage,K,Colombia,Portugal,1.578283786755307,1.9358870668694719,1.0815000000000001,1.0815000000000001,0.3104123398834685,0.23352443766591308,0.45606322245061837,31.04123398834685,23.352443766591307,45.60632224506184,A
70,Ridge,False,2026-06-27,Group Stage,K,DR Congo,Uzbekistan,1.5939307063121324,0.8842898922819296,1.05,1.05,0.5311206937007027,0.2698706705859017,0.1990086357133956,53.11206937007027,26.98706705859017,19.90086357133956,H
71,Ridge,False,2026-06-27,Group Stage,J,Algeria,Austria,0.9865764008920239,1.4926330634762894,1.05,0.9,0.24002916435690438,0.2805781656601887,0.47939266998290697,24.002916435690437,28.05781656601887,47.9392669982907,A
72,Ridge,False,2026-06-27,Group Stage,J,Jordan,Argentina,0.052500000000000005,2.035937477914723,1.05,0.9,0.00597987364471434,0.13963609015862766,0.8543840361966579,0.597987364471434,13.963609015862765,85.43840361966579,A
1,Poisson,False,2026-06-11,Group Stage,A,Mexico,South Africa,2.0337870172557873,0.7610962860943842,1.1025,1.1025,0.663273219836751,0.21448643754404267,0.12224034261920626,66.3273219836751,21.448643754404266,12.224034261920625,H
2,Poisson,False,2026-06-11,Group Stage,A,South Korea,Czech Republic,1.8288653591671926,1.1047373062642238,1.1025,1.1025,0.5344713685599121,0.24608841921272465,0.2194402122273632,53.447136855991204,24.608841921272465,21.94402122273632,H
3,Poisson,False,2026-06-12,Group Stage,B,Canada,Bosnia and Herzegovina,1.891910699139908,0.98957314277218,1.1025,1.1025,0.5763292497947811,0.2384417701079475,0.18522898009727148,57.632924979478105,23.844177010794752,18.522898009727147,H
4,Poisson,False,2026-06-12,Group Stage,D,United States,Paraguay,1.8986899358794702,0.884480339422306,1.1025,1.1025,0.603630281223167,0.23500436392393756,0.1613653548528953,60.3630281223167,23.500436392393755,16.13653548528953,H
5,Poisson,False,2026-06-13,Group Stage,B,Qatar,Switzerland,0.949080836797352,1.7362025700898525,1.1025,1.1025,0.19568562888264374,0.25429290257802023,0.550021468539336,19.568562888264374,25.429290257802023,55.002146853933596,A
6,Poisson,False,2026-06-13,Group Stage,C,Brazil,Morocco,1.5098665535585563,1.0591309908057949,1.1025,1.1025,0.4665500748621312,0.27734790565546313,0.2561020194824058,46.655007486213115,27.734790565546312,25.61020194824058,H
7,Poisson,False,2026-06-13,Group Stage,C,Haiti,Scotland,1.047257616490384,1.7237909380506693,1.1025,1.1025,0.22067098960104153,0.2561706535803598,0.5231583568185988,22.067098960104154,25.61706535803598,52.31583568185988,A
8,Poisson,False,2026-06-14,Group Stage,D,Australia,Turkey,1.8271490351290356,0.9038218142331597,1.1025,1.1025,0.5826402547952716,0.24347542667134695,0.17388431853338146,58.26402547952716,24.347542667134693,17.388431853338147,H
9,Poisson,False,2026-06-14,Group Stage,E,Germany,Curacao,3.5193948146054335,0.7133265266725057,1.1025,1.1025,0.8746153291977015,0.08802880306932402,0.03735586773297461,87.46153291977015,8.802880306932401,3.7355867732974612,H
10,Poisson,False,2026-06-14,Group Stage,F,Netherlands,Japan,2.2403097344410057,1.057023346982815,1.1025,1.1025,0.6336803782741556,0.20638943099556809,0.15993019073027614,63.368037827415556,20.63894309955681,15.993019073027614,H
11,Poisson,False,2026-06-14,Group Stage,E,Ivory Coast,Ecuador,1.2151211022793191,1.0591767597453459,1.1025,1.1025,0.3858307246987106,0.3056571409192915,0.30851213438199776,38.58307246987106,30.565714091929152,30.851213438199775,H
12,Poisson,False,2026-06-14,Group Stage,F,Sweden,Tunisia,1.634613725685036,1.444435859748329,1.1025,1.1025,0.41342502611072485,0.2556845207901244,0.3308904530991508,41.34250261107248,25.568452079012438,33.089045309915086,H
13,Poisson,False,2026-06-15,Group Stage,H,Spain,Cape Verde,3.6113851832395287,0.7767936196618199,1.1025,1.1025,0.8726504460288467,0.08744919417110505,0.03990035980004829,87.26504460288467,8.744919417110506,3.9900359800048286,H
14,Poisson,False,2026-06-15,Group Stage,G,Belgium,Egypt,2.1597161671326277,0.9833816851431167,1.1025,1.1025,0.6347545877391246,0.21134048584313075,0.15390492641774456,63.475458773912464,21.134048584313074,15.390492641774456,H
15,Poisson,False,2026-06-15,Group Stage,H,Saudi Arabia,Uruguay,0.7076971942692862,1.7392511121725795,1.1025,1.1025,0.1392995554690275,0.2477953236579893,0.6129051208729834,13.92995554690275,24.779532365798932,61.290512087298346,A
16,Poisson,False,2026-06-15,Group Stage,G,Iran,New Zealand,2.190241347191193,0.8484381358800891,1.1025,1.1025,0.6726870913645472,0.20219763953023578,0.1251152691052168,67.26870913645472,20.219763953023577,12.511526910521681,H
17,Poisson,False,2026-06-16,Group Stage,I,France,Senegal,1.9624737571298505,1.0951793906873433,1.1025,1.1025,0.5669951650193561,0.23335485039368783,0.19964998458695618,56.69951650193561,23.335485039368784,19.964998458695618,H
18,Poisson,False,2026-06-16,Group Stage,I,Iraq,Norway,1.0958101040016537,2.141405801247461,1.1025,1.1025,0.17833171469967268,0.21669401900256624,0.6049742662977611,17.83317146996727,21.669401900256624,60.49742662977611,A
19,Poisson,False,2026-06-16,Group Stage,J,Argentina,Algeria,2.2876810455647107,0.7028746651803484,1.1025,1.1025,0.7252838197836422,0.18303121993386445,0.09168496028249343,72.52838197836422,18.303121993386444,9.168496028249344,H
20,Poisson,False,2026-06-17,Group Stage,J,Austria,Jordan,2.551449776675921,0.7485603975708436,1.1025,1.1025,0.7576073499157392,0.16050031281317534,0.0818923372710855,75.76073499157391,16.050031281317533,8.18923372710855,H
21,Poisson,False,2026-06-17,Group Stage,K,Portugal,DR Congo,2.454238861831498,0.9337432227904511,1.1025,1.1025,0.7008398097084811,0.18115938204498572,0.11800080824653306,70.08398097084812,18.115938204498573,11.800080824653305,H
22,Poisson,False,2026-06-17,Group Stage,L,England,Croatia,2.1722854131544067,0.937075056684939,1.1025,1.1025,0.64814046390217,0.20823605932319333,0.143623476774637,64.814046390217,20.82360593231933,14.3623476774637,H
23,Poisson,False,2026-06-17,Group Stage,L,Ghana,Panama,1.1838397235399327,1.4079359185941895,1.1025,1.1025,0.3063427099881997,0.2824006019997322,0.4112566880120681,30.634270998819968,28.24006019997322,41.125668801206814,A
24,Poisson,False,2026-06-17,Group Stage,K,Uzbekistan,Colombia,0.9286483201587983,1.6999648904875653,1.1025,1.1025,0.19559986257876108,0.25806314279171433,0.5463369946295247,19.55998625787611,25.80631427917143,54.633699462952464,A
25,Poisson,False,2026-06-18,Group Stage,A,Czech Republic,South Africa,1.8948774679325548,1.2274362798295562,1.1550000000000002,1.1550000000000002,0.5215083169851973,0.2403915903663802,0.23810009264842252,52.15083169851973,24.03915903663802,23.810009264842254,H
26,Poisson,False,2026-06-18,Group Stage,B,Switzerland,Bosnia and Herzegovina,2.1293323801063635,0.9474733122552176,1.1355750000000002,1.1355750000000002,0.6371175729703753,0.21295989772349913,0.14992252930612557,63.71175729703753,21.295989772349913,14.992252930612556,H
27,Poisson,False,2026-06-18,Group Stage,B,Canada,Qatar,1.7699295433839524,1.0153185093793167,1.1355750000000002,1.1355750000000002,0.5418847562730068,0.25135935028063094,0.20675589344636228,54.18847562730068,25.135935028063095,20.67558934463623,H
28,Poisson,False,2026-06-18,Group Stage,A,Mexico,South Korea,1.5262198647126715,0.9726591604052237,1.0815000000000001,1.1355750000000002,0.4916037093037515,0.2771729254361846,0.23122336526006376,49.16037093037515,27.71729254361846,23.122336526006375,H
29,Poisson,False,2026-06-19,Group Stage,D,United States,Australia,1.6439245124715067,1.1583322464608763,1.0815000000000001,1.0815000000000001,0.4775893474021151,0.26284169706544014,0.25956895553244475,47.758934740211515,26.284169706544013,25.956895553244475,H
30,Poisson,False,2026-06-19,Group Stage,C,Scotland,Morocco,0.8070976402960441,2.08832963428374,1.1355750000000002,1.1355750000000002,0.12633840878471655,0.2108549151915632,0.6628066760237202,12.633840878471656,21.08549151915632,66.28066760237202,A
31,Poisson,False,2026-06-19,Group Stage,C,Brazil,Haiti,3.328425462240451,0.5806450248498775,1.1355750000000002,1.1550000000000002,0.87939081280754,0.08895508083849232,0.03165410635396772,87.939081280754,8.895508083849233,3.1654106353967717,H
32,Poisson,False,2026-06-20,Group Stage,D,Turkey,Paraguay,1.4428110078328682,1.2970458278171453,1.1550000000000002,1.1550000000000002,0.3960601855877302,0.274559538727524,0.32938027568474587,39.60601855877302,27.4559538727524,32.93802756847459,H
33,Poisson,False,2026-06-20,Group Stage,F,Netherlands,Sweden,2.8152960934679285,1.1238348851396736,1.1355750000000002,1.1355750000000002,0.7190359081603201,0.1610055365252318,0.11995855531444798,71.90359081603202,16.100553652523182,11.995855531444798,H
34,Poisson,False,2026-06-20,Group Stage,E,Germany,Ivory Coast,2.5670214209334414,1.1373422927235222,1.0815000000000001,1.1355750000000002,0.6759522847893271,0.18120245483348532,0.14284526037718745,67.59522847893271,18.120245483348533,14.284526037718745,H
35,Poisson,False,2026-06-20,Group Stage,E,Ecuador,Curacao,3.1707733131996507,0.6461402470035723,1.1550000000000002,1.1550000000000002,0.8542668928400184,0.10389690577591904,0.04183620138406244,85.42668928400184,10.389690577591903,4.183620138406244,H
36,Poisson,False,2026-06-21,Group Stage,F,Tunisia,Japan,1.0061507299876085,2.545372324831118,1.1550000000000002,1.1355750000000002,0.12268693419794059,0.17690304294287498,0.7004100228591843,12.26869341979406,17.690304294287497,70.04100228591842,A
37,Poisson,False,2026-06-21,Group Stage,H,Spain,Saudi Arabia,3.5404161506691687,0.6297665755765655,1.1355750000000002,1.1355750000000002,0.8886948514329169,0.08094681727084362,0.03035833129623933,88.8694851432917,8.094681727084362,3.035833129623933,H
38,Poisson,False,2026-06-21,Group Stage,G,Belgium,Iran,1.9994894758307962,1.1263196017330293,1.1355750000000002,1.1355750000000002,0.5678953992480432,0.23038683958032613,0.2017177611716306,56.78953992480432,23.038683958032614,20.17177611716306,H
39,Poisson,False,2026-06-21,Group Stage,H,Uruguay,Cape Verde,1.9416175969494576,0.7571837319622282,1.1355750000000002,1.1355750000000002,0.6451163589011852,0.22495392820469493,0.12992971289411975,64.51163589011853,22.495392820469494,12.992971289411976,H
40,Poisson,False,2026-06-21,Group Stage,G,New Zealand,Egypt,0.9021095340282612,2.2378765134873966,1.1355750000000002,1.1355750000000002,0.13085312817071215,0.2001001037174291,0.6690467681118587,13.085312817071216,20.010010371742908,66.90467681118587,A
41,Poisson,False,2026-06-22,Group Stage,J,Argentina,Austria,2.213578328202956,0.8433299506095044,1.0815000000000001,1.0815000000000001,0.6783417889419119,0.19952319996451828,0.12213501109356978,67.83417889419118,19.952319996451827,12.213501109356978,H
42,Poisson,False,2026-06-22,Group Stage,I,France,Iraq,3.2973338392903506,0.6952044107841091,1.0815000000000001,1.1550000000000002,0.8580374985148577,0.09959208566221552,0.042370415822926874,85.80374985148576,9.959208566221552,4.2370415822926875,H
43,Poisson,False,2026-06-22,Group Stage,I,Norway,Senegal,1.8855595757955244,1.5803246619938283,1.0815000000000001,1.1550000000000002,0.4444098672890291,0.23644670455224415,0.31914342815872665,44.44098672890291,23.644670455224414,31.914342815872665,H
44,Poisson,False,2026-06-22,Group Stage,J,Jordan,Algeria,1.0177799584305702,2.0105540824974018,1.1550000000000002,1.1550000000000002,0.17720159438639044,0.2271140365748805,0.595684369038729,17.720159438639044,22.71140365748805,59.5684369038729,A
45,Poisson,False,2026-06-23,Group Stage,K,Portugal,Uzbekistan,2.5487740968987316,0.9329360038171959,1.1025,1.1550000000000002,0.7168553328007041,0.17264943777093805,0.11049522942835778,71.68553328007042,17.264943777093805,11.049522942835779,H
46,Poisson,False,2026-06-23,Group Stage,L,England,Ghana,3.132086263106256,0.6431644383950375,1.0815000000000001,1.0815000000000001,0.8509679417174434,0.10622953599268829,0.04280252228986825,85.09679417174434,10.622953599268829,4.280252228986825,H
47,Poisson,False,2026-06-23,Group Stage,L,Panama,Croatia,1.2564054673855651,1.750486937122084,1.1550000000000002,1.1550000000000002,0.26640520807509344,0.25221361214060206,0.4813811797843045,26.640520807509343,25.221361214060206,48.13811797843045,A
48,Poisson,False,2026-06-23,Group Stage,K,Colombia,DR Congo,2.143410607704347,0.9873848723264761,1.1355750000000002,1.1355750000000002,0.6305394785363674,0.21308271986682303,0.15637780159680967,63.053947853636735,21.308271986682303,15.637780159680966,H
49,Poisson,False,2026-06-24,Group Stage,B,Switzerland,Canada,1.6641678542681657,1.3243034792050383,1.0815000000000001,1.0815000000000001,0.44575029776630415,0.25752496942113107,0.29672473281256495,44.575029776630416,25.75249694211311,29.672473281256494,H
50,Poisson,False,2026-06-24,Group Stage,B,Bosnia and Herzegovina,Qatar,1.4537342271955516,1.2345712919581011,1.05,1.05,0.4122144705682748,0.27655616831822866,0.3112293611134965,41.22144705682748,27.655616831822865,31.122936111349652,H
51,Poisson,False,2026-06-24,Group Stage,C,Scotland,Brazil,0.9336483526914262,2.106234566314199,1.2491325000000004,1.1355750000000002,0.14952092822770902,0.21474584370058258,0.6357332280717083,14.9520928227709,21.47458437005826,63.573322807170825,A
52,Poisson,False,2026-06-24,Group Stage,C,Morocco,Haiti,2.823193044256725,0.49627785900493726,1.1355750000000002,1.05,0.8459928893438875,0.11603031390095567,0.037976796755156826,84.59928893438875,11.603031390095566,3.7976796755156825,H
53,Poisson,False,2026-06-24,Group Stage,A,Czech Republic,Mexico,1.3755115436999266,1.0595602431190871,1.2127500000000002,0.9,0.43059006595771127,0.29045449949748714,0.27895543454480154,43.05900659577112,29.045449949748715,27.895543454480155,H
54,Poisson,False,2026-06-24,Group Stage,A,South Africa,South Korea,1.0317917759553192,1.812894713657073,1.2127500000000002,1.2127500000000002,0.20483345505176925,0.24713425536786915,0.5480322895803618,20.483345505176924,24.713425536786914,54.80322895803618,A
55,Poisson,False,2026-06-25,Group Stage,E,Ecuador,Germany,0.9915797625018503,1.5960065422809857,1.2127500000000002,0.9,0.22555053521968804,0.26950519472306894,0.5049442700572431,22.555053521968805,26.950519472306894,50.494427005724305,A
56,Poisson,False,2026-06-25,Group Stage,E,Curacao,Ivory Coast,0.9135607554875836,2.7905156939425595,1.2127500000000002,1.1025,0.09091445051929792,0.1511386508322746,0.7579468986484273,9.091445051929792,15.11386508322746,75.79468986484274,A
57,Poisson,False,2026-06-25,Group Stage,F,Japan,Sweden,2.4846766902642177,1.2643916048022528,1.2127500000000002,1.1355750000000002,0.6343152849897261,0.1924207846260263,0.1732639303842476,63.43152849897261,19.24207846260263,17.326393038424758,H
58,Poisson,False,2026-06-25,Group Stage,F,Tunisia,Netherlands,0.8963726468100237,2.9271262369417013,1.05,1.0815000000000001,0.080497026323824,0.1393829406587697,0.7801200330174063,8.049702632382399,13.938294065876969,78.01200330174063,A
59,Poisson,False,2026-06-25,Group Stage,D,Turkey,United States,1.2976163207849012,1.0998984641317713,1.05,0.9,0.3999586557248116,0.29586640370020917,0.3041749405749793,39.99586557248116,29.586640370020916,30.41749405749793,H
60,Poisson,False,2026-06-25,Group Stage,D,Paraguay,Australia,1.0402034465576986,1.1617930440852504,1.05,0.9,0.3135134406496214,0.3118318165598174,0.37465474279056127,31.351344064962138,31.18318165598174,37.465474279056124,A
61,Poisson,False,2026-06-26,Group Stage,I,Norway,France,1.014606033912783,2.095561043703879,0.9,0.9,0.1669556945648795,0.21867805302560714,0.6143662524095134,16.69556945648795,21.867805302560715,61.43662524095134,A
62,Poisson,False,2026-06-26,Group Stage,I,Senegal,Iraq,2.138197826845277,0.8811622872909468,1.05,1.05,0.654714761244797,0.2092010595952737,0.1360841791599293,65.4714761244797,20.92010595952737,13.608417915992929,H
63,Poisson,False,2026-06-26,Group Stage,H,Cape Verde,Saudi Arabia,1.5036260359601048,1.301728398014801,1.2127500000000002,1.2127500000000002,0.41064999773828054,0.2700247795108863,0.31932522275083314,41.064999773828056,27.002477951088633,31.932522275083315,H
64,Poisson,False,2026-06-26,Group Stage,H,Uruguay,Spain,1.1093020495925188,2.0493869218623635,1.2491325000000004,1.1355750000000002,0.19191618885411454,0.2254899484397088,0.5825938627061766,19.191618885411454,22.548994843970878,58.25938627061766,A
65,Poisson,False,2026-06-26,Group Stage,G,Egypt,Iran,1.1689064805323963,1.3512011314914563,1.1355750000000002,1.2491325000000004,0.31289418485386655,0.28775735895691895,0.39934845618921466,31.289418485386655,28.775735895691895,39.934845618921464,A
66,Poisson,False,2026-06-26,Group Stage,G,New Zealand,Belgium,0.8484483246045215,3.2721618388848595,1.2127500000000002,1.2127500000000002,0.05827188056820019,0.11206067571842773,0.8296674437133722,5.827188056820019,11.206067571842773,82.96674437133721,A
67,Poisson,False,2026-06-27,Group Stage,L,Panama,England,0.6756894267620924,2.342902326198282,1.05,1.0815000000000001,0.08359149845340424,0.17531356023610783,0.7410949413104879,8.359149845340424,17.531356023610783,74.10949413104879,A
68,Poisson,False,2026-06-27,Group Stage,L,Croatia,Ghana,2.412311723665809,0.884090392690397,1.2491325000000004,1.1355750000000002,0.7047634434338597,0.18226965255972813,0.1129669040064121,70.47634434338596,18.226965255972814,11.29669040064121,H
69,Poisson,False,2026-06-27,Group Stage,K,Colombia,Portugal,1.454220852474187,1.7712720473695742,1.0815000000000001,1.0815000000000001,0.3094723520598432,0.2466436196516271,0.44388402828852974,30.94723520598432,24.66436196516271,44.388402828852975,A
70,Poisson,False,2026-06-27,Group Stage,K,DR Congo,Uzbekistan,1.4303966649891875,0.8887306385237937,1.05,1.05,0.48694024709514455,0.2892300214859095,0.22382973141894588,48.69402470951446,28.92300214859095,22.38297314189459,H
71,Poisson,False,2026-06-27,Group Stage,J,Algeria,Austria,1.0006121744465917,1.3378254269917336,1.05,0.9,0.2694634534559123,0.2965140379653109,0.4340225085787766,26.946345345591233,29.65140379653109,43.40225085787766,A
72,Poisson,False,2026-06-27,Group Stage,J,Jordan,Argentina,0.5858822594761331,2.2869823733395656,1.05,0.9,0.07270625756534514,0.1740058414737174,0.7532879009609375,7.270625756534514,17.400584147371738,75.32879009609374,A
1,Random Forest,False,2026-06-11,Group Stage,A,Mexico,South Africa,2.322882028306964,0.5710185113773731,1.1025,1.1025,0.7626975113725714,0.16890648028331182,0.0683960083441168,76.26975113725713,16.89064802833118,6.83960083441168,H
2,Random Forest,False,2026-06-11,Group Stage,A,South Korea,Czech Republic,1.9502983974324863,0.8517906316443563,1.1025,1.1025,0.6230732258703271,0.22812120967621116,0.1488055644534618,62.30732258703271,22.812120967621116,14.88055644534618,H
3,Random Forest,False,2026-06-12,Group Stage,B,Canada,Bosnia and Herzegovina,2.0908916429975513,0.8382340059518797,1.1025,1.1025,0.6556838707798083,0.21214337680420137,0.13217275241599033,65.56838707798083,21.214337680420137,13.217275241599033,H
4,Random Forest,False,2026-06-12,Group Stage,D,United States,Paraguay,2.4064418107977517,0.7971511970968561,1.1025,1.1025,0.7235269151914169,0.177513467683812,0.09895961712477111,72.35269151914169,17.7513467683812,9.895961712477112,H
5,Random Forest,False,2026-06-13,Group Stage,B,Qatar,Switzerland,1.1314798932656933,1.4646404351068587,1.1025,1.1025,0.2824865444199068,0.2795697243325601,0.43794373124753333,28.248654441990677,27.956972433256013,43.794373124753335,A
6,Random Forest,False,2026-06-13,Group Stage,C,Brazil,Morocco,1.3986576304183385,1.156675908743531,1.1025,1.1025,0.4147920376622327,0.28436288618194455,0.30084507615582257,41.47920376622327,28.436288618194457,30.084507615582258,H
7,Random Forest,False,2026-06-13,Group Stage,C,Haiti,Scotland,0.813984634510276,1.5015981882488612,1.1025,1.1025,0.19377083035186307,0.2809452618467181,0.5252839078014189,19.377083035186306,28.094526184671807,52.52839078014189,A
8,Random Forest,False,2026-06-14,Group Stage,D,Australia,Turkey,1.8180259831702963,0.9566567174667342,1.1025,1.1025,0.5674583737526758,0.2455717269210846,0.18696989932623959,56.745837375267584,24.55717269210846,18.696989932623957,H
9,Random Forest,False,2026-06-14,Group Stage,E,Germany,Curacao,6.724115426740192,0.7187306484617749,1.1025,1.1025,0.9830120928657826,0.012825030038515076,0.004162877095702138,98.30120928657826,1.2825030038515075,0.41628770957021377,H
10,Random Forest,False,2026-06-14,Group Stage,F,Netherlands,Japan,1.803472342978386,1.1502598973600022,1.1025,1.1025,0.517957209903058,0.2485076340259536,0.23353515607098826,51.7957209903058,24.850763402595362,23.353515607098828,H
11,Random Forest,False,2026-06-14,Group Stage,E,Ivory Coast,Ecuador,1.399170343230646,0.7144909190667261,1.1025,1.1025,0.5240642027894096,0.2946296473433806,0.18130614986720991,52.406420278940956,29.46296473433806,18.130614986720992,H
12,Random Forest,False,2026-06-14,Group Stage,F,Sweden,Tunisia,3.1031568448513793,0.987963497085444,1.1025,1.1025,0.7852930023580638,0.13238931922526803,0.08231767841666816,78.52930023580637,13.238931922526803,8.231767841666816,H
13,Random Forest,False,2026-06-15,Group Stage,H,Spain,Cape Verde,1.5015563041177766,0.412411848082421,1.1025,1.1025,0.6394222494639914,0.2686043150274329,0.09197343550857565,63.942224946399136,26.860431502743292,9.197343550857564,H
14,Random Forest,False,2026-06-15,Group Stage,G,Belgium,Egypt,1.9154614190420054,0.7873845156540403,1.1025,1.1025,0.6317821297783002,0.2294327360874595,0.1387851341342404,63.178212977830015,22.94327360874595,13.87851341342404,H
15,Random Forest,False,2026-06-15,Group Stage,H,Saudi Arabia,Uruguay,0.8130268159107076,1.5205067167747395,1.1025,1.1025,0.1909455939621768,0.2785341671393952,0.5305202388984279,19.09455939621768,27.85341671393952,53.05202388984279,A
16,Random Forest,False,2026-06-15,Group Stage,G,Iran,New Zealand,2.370845118185617,0.8298875983308693,1.1025,1.1025,0.7099496340187456,0.1830290448118804,0.10702132116937399,70.99496340187456,18.30290448118804,10.702132116937399,H
17,Random Forest,False,2026-06-16,Group Stage,I,France,Senegal,2.4150285184773965,0.8263211070849781,1.1025,1.1025,0.7183250643718457,0.17854986557628927,0.10312507005186478,71.83250643718458,17.854986557628926,10.312507005186477,H
18,Random Forest,False,2026-06-16,Group Stage,I,Iraq,Norway,1.2775971523669294,3.8319503351357906,1.1025,1.1025,0.07738205328817604,0.10534746567526568,0.8172704810365583,7.738205328817605,10.534746567526568,81.72704810365583,A
19,Random Forest,False,2026-06-16,Group Stage,J,Argentina,Algeria,2.3913988452652726,0.5380046404415306,1.1025,1.1025,0.7811614767977376,0.15884037224359032,0.05999815095867197,78.11614767977376,15.884037224359032,5.999815095867197,H
20,Random Forest,False,2026-06-17,Group Stage,J,Austria,Jordan,2.4857390548999607,0.7529580095201862,1.1025,1.1025,0.7464559188064275,0.16692552148456796,0.08661855970900453,74.64559188064274,16.692552148456798,8.661855970900453,H
21,Random Forest,False,2026-06-17,Group Stage,K,Portugal,DR Congo,2.207304818618342,0.7410749425901851,1.1025,1.1025,0.7017464817352508,0.19413291708933417,0.10412060117541504,70.17464817352507,19.413291708933418,10.412060117541504,H
22,Random Forest,False,2026-06-17,Group Stage,L,England,Croatia,2.424113253743404,1.21410248343694,1.1025,1.1025,0.6339034592379833,0.1957056024134486,0.17039093834856822,63.39034592379833,19.570560241344857,17.03909383485682,H
23,Random Forest,False,2026-06-17,Group Stage,L,Ghana,Panama,1.2316267630357116,1.180519544262738,1.1025,1.1025,0.3640981839263775,0.29653783739885986,0.33936397867476265,36.409818392637746,29.653783739885988,33.936397867476266,H
24,Random Forest,False,2026-06-17,Group Stage,K,Uzbekistan,Colombia,0.7898433106840057,2.0937691316290774,1.1025,1.1025,0.122515948358008,0.20934509098161072,0.6681389606603813,12.2515948358008,20.934509098161072,66.81389606603813,A
25,Random Forest,False,2026-06-18,Group Stage,A,Czech Republic,South Africa,2.2207123625053624,0.9713513226121024,1.1550000000000002,1.1550000000000002,0.6495849859918252,0.2049351777891763,0.1454798362189986,64.95849859918252,20.49351777891763,14.54798362189986,H
26,Random Forest,False,2026-06-18,Group Stage,B,Switzerland,Bosnia and Herzegovina,2.6765441797429856,0.8147408626134475,1.1355750000000002,1.1355750000000002,0.7619643912681613,0.15409195902033404,0.0839436497115047,76.19643912681613,15.409195902033405,8.39436497115047,H
27,Random Forest,False,2026-06-18,Group Stage,B,Canada,Qatar,4.018006800066499,0.822734842605875,1.1355750000000002,1.1355750000000002,0.8960650144208675,0.07114901610673655,0.032785969472395954,89.60650144208675,7.1149016106736545,3.2785969472395955,H
28,Random Forest,False,2026-06-18,Group Stage,A,Mexico,South Korea,1.6513567239372475,0.7777680014870196,1.0815000000000001,1.1355750000000002,0.5731195425343723,0.261370184664919,0.1655102728007087,57.31195425343722,26.137018466491902,16.55102728007087,H
29,Random Forest,False,2026-06-19,Group Stage,D,United States,Australia,1.7970789681661181,0.9073577998361536,1.0815000000000001,1.0815000000000001,0.5747954230760215,0.24689993180621278,0.17830464511776573,57.47954230760215,24.68999318062128,17.830464511776572,H
30,Random Forest,False,2026-06-19,Group Stage,C,Scotland,Morocco,0.738216743396748,1.5264933216275045,1.1355750000000002,1.1355750000000002,0.17100267721733964,0.27703808683719444,0.5519592359454659,17.100267721733964,27.703808683719444,55.19592359454659,A
31,Random Forest,False,2026-06-19,Group Stage,C,Brazil,Haiti,3.1107351244173755,0.5543806190385698,1.1355750000000002,1.1550000000000002,0.8644640453615621,0.10039928513170807,0.03513666950672979,86.44640453615621,10.039928513170807,3.513666950672979,H
32,Random Forest,False,2026-06-20,Group Stage,D,Turkey,Paraguay,1.8189988835229558,0.9553760605505165,1.1550000000000002,1.1550000000000002,0.5679984213360276,0.24544485572836233,0.18655672293561013,56.799842133602766,24.544485572836233,18.65567229356101,H
33,Random Forest,False,2026-06-20,Group Stage,F,Netherlands,Sweden,2.897480255925203,0.9332798998777743,1.1355750000000002,1.1355750000000002,0.7689191740280288,0.14400085454894304,0.08707997142302812,76.89191740280287,14.400085454894304,8.707997142302812,H
34,Random Forest,False,2026-06-20,Group Stage,E,Germany,Ivory Coast,2.329980358298078,0.8995371052328713,1.0815000000000001,1.1355750000000002,0.6866930933010297,0.1909598311942648,0.12234707550470567,68.66930933010296,19.095983119426478,12.234707550470567,H
35,Random Forest,False,2026-06-20,Group Stage,E,Ecuador,Curacao,2.194246740326845,0.5587692650006848,1.1550000000000002,1.1550000000000002,0.7443230203711491,0.18194545890323863,0.07373152072561229,74.43230203711491,18.194545890323862,7.373152072561229,H
36,Random Forest,False,2026-06-21,Group Stage,F,Tunisia,Japan,0.790595238587779,2.494379956269127,1.1550000000000002,1.1355750000000002,0.09186434387344072,0.1687246842704492,0.7394109718561099,9.186434387344072,16.87246842704492,73.941097185611,A
37,Random Forest,False,2026-06-21,Group Stage,H,Spain,Saudi Arabia,3.7929922185324583,0.4275511959339298,1.1355750000000002,1.1355750000000002,0.9314088186339566,0.05478023504120472,0.013810946324838579,93.14088186339566,5.478023504120472,1.381094632483858,H
38,Random Forest,False,2026-06-21,Group Stage,G,Belgium,Iran,1.8055997608368912,0.8915868011562912,1.1355750000000002,1.1355750000000002,0.5807240754896007,0.24559204308648763,0.17368388142391156,58.07240754896007,24.559204308648763,17.368388142391154,H
39,Random Forest,False,2026-06-21,Group Stage,H,Uruguay,Cape Verde,2.214395008146146,0.926496751967516,1.1355750000000002,1.1355750000000002,0.6588383680877282,0.20358589631115875,0.13757573560111314,65.88383680877283,20.358589631115876,13.757573560111314,H
40,Random Forest,False,2026-06-21,Group Stage,G,New Zealand,Egypt,0.9271535696027227,2.2946287090730455,1.1355750000000002,1.1355750000000002,0.13036498573424604,0.19578071558352939,0.6738542986822245,13.036498573424604,19.57807155835294,67.38542986822245,A
41,Random Forest,False,2026-06-22,Group Stage,J,Argentina,Austria,2.3469898526553004,0.6452115991626413,1.0815000000000001,1.0815000000000001,0.7489548899106135,0.172537001462444,0.07850810862694242,74.89548899106136,17.253700146244398,7.850810862694242,H
42,Random Forest,False,2026-06-22,Group Stage,I,France,Iraq,3.052950531499324,0.42383568667894095,1.0815000000000001,1.1550000000000002,0.8820540907306016,0.09264583382094249,0.025300075448455757,88.20540907306015,9.26458338209425,2.5300075448455757,H
43,Random Forest,False,2026-06-22,Group Stage,I,Norway,Senegal,1.347638174717529,1.487944607844948,1.0815000000000001,1.1550000000000002,0.33383216200696164,0.2691175682854022,0.39705026970763624,33.38321620069616,26.911756828540216,39.705026970763626,A
44,Random Forest,False,2026-06-22,Group Stage,J,Jordan,Algeria,0.9547111163678605,1.6963518566189275,1.1550000000000002,1.1550000000000002,0.20232566313596223,0.2586880693568246,0.5389862675072133,20.232566313596223,25.86880693568246,53.898626750721334,A
45,Random Forest,False,2026-06-23,Group Stage,K,Portugal,Uzbekistan,2.557442799893892,0.687366946677071,1.1025,1.1550000000000002,0.7719548611081384,0.15534749001541537,0.07269764887644622,77.19548611081383,15.534749001541536,7.269764887644622,H
46,Random Forest,False,2026-06-23,Group Stage,L,England,Ghana,1.019460401466542,0.35883151620718035,1.0815000000000001,1.0815000000000001,0.5110157701059624,0.36772928886844125,0.12125494102559611,51.101577010596245,36.77292888684413,12.125494102559612,H
47,Random Forest,False,2026-06-23,Group Stage,L,Panama,Croatia,0.786781223935726,1.3929701206637435,1.1550000000000002,1.1550000000000002,0.2018444888261286,0.29520518934007084,0.5029503218338007,20.18444888261286,29.520518934007082,50.29503218338007,A
48,Random Forest,False,2026-06-23,Group Stage,K,Colombia,DR Congo,2.2043888967897347,0.7648819410118207,1.1355750000000002,1.1355750000000002,0.6954440738523671,0.19594687555655496,0.10860905059107792,69.54440738523671,19.594687555655497,10.860905059107791,H
49,Random Forest,False,2026-06-24,Group Stage,B,Switzerland,Canada,1.7594856827419951,0.9397301966972074,1.0815000000000001,1.0815000000000001,0.5578944384694795,0.2516297018868126,0.19047585964370803,55.78944384694795,25.16297018868126,19.047585964370803,H
50,Random Forest,False,2026-06-24,Group Stage,B,Bosnia and Herzegovina,Qatar,2.0378143583680854,1.0383308389180435,1.05,1.05,0.5966618379190001,0.22497046649906352,0.17836769558193627,59.66618379190001,22.497046649906352,17.836769558193627,H
51,Random Forest,False,2026-06-24,Group Stage,C,Scotland,Brazil,0.9140440879069636,2.198727788129839,1.2491325000000004,1.1355750000000002,0.13668845380174927,0.20457057062503242,0.6587409755732182,13.668845380174927,20.457057062503242,65.87409755732182,A
52,Random Forest,False,2026-06-24,Group Stage,C,Morocco,Haiti,3.5037012272424692,1.0499258439265533,1.1355750000000002,1.05,0.8201221254489469,0.11063129238875904,0.06924658216229407,82.0122125448947,11.063129238875904,6.924658216229407,H
53,Random Forest,False,2026-06-24,Group Stage,A,Czech Republic,Mexico,0.6781423252732359,2.1141807543257234,1.2127500000000002,0.9,0.09986079398018441,0.20024576667941263,0.6998934393404029,9.986079398018441,20.02457666794126,69.98934393404029,A
54,Random Forest,False,2026-06-24,Group Stage,A,South Africa,South Korea,0.8739352232012481,1.5490818379229943,1.2127500000000002,1.2127500000000002,0.2025976886086113,0.2751625427570764,0.5222397686343123,20.25976886086113,27.51625427570764,52.22397686343123,A
55,Random Forest,False,2026-06-25,Group Stage,E,Ecuador,Germany,1.6183550440948729,1.1718832792937643,1.2127500000000002,0.9,0.4681385307804753,0.2648550858844095,0.2670063833351151,46.81385307804753,26.485508588440947,26.700638333511513,H
56,Random Forest,False,2026-06-25,Group Stage,E,Curacao,Ivory Coast,0.6196984403954684,2.2164299708724062,1.2127500000000002,1.1025,0.08248609396572307,0.18446064247221042,0.7330532635620666,8.248609396572308,18.44606424722104,73.30532635620666,A
57,Random Forest,False,2026-06-25,Group Stage,F,Japan,Sweden,2.548875846077385,0.8681460127837919,1.2127500000000002,1.1355750000000002,0.7309956443666203,0.16878012196208947,0.10022423367129009,73.09956443666204,16.878012196208946,10.02242336712901,H
58,Random Forest,False,2026-06-25,Group Stage,F,Tunisia,Netherlands,0.7589938218824959,2.7977116827835253,1.05,1.0815000000000001,0.0696688819055717,0.14000324729428157,0.7903278708001467,6.96688819055717,14.000324729428156,79.03278708001467,A
59,Random Forest,False,2026-06-25,Group Stage,D,Turkey,United States,1.6638351857196565,1.1628763415077483,1.05,0.9,0.48146778543825813,0.26099196109964784,0.2575402534620942,48.14677854382581,26.099196109964783,25.75402534620942,H
60,Random Forest,False,2026-06-25,Group Stage,D,Paraguay,Australia,1.0712663508554543,1.0104138688446744,1.05,0.9,0.3543931523349705,0.3225577523827934,0.3230490952822362,35.43931523349705,32.25577523827934,32.30490952822362,H
61,Random Forest,False,2026-06-26,Group Stage,I,Norway,France,0.7295237160836087,3.31443250496172,0.9,0.9,0.04497775086880732,0.10105875437044971,0.853963494760743,4.497775086880732,10.105875437044972,85.39634947607429,A
62,Random Forest,False,2026-06-26,Group Stage,I,Senegal,Iraq,2.9672732905728387,0.6660633094333177,1.05,1.05,0.8292882576098481,0.11967452256314846,0.051037219827003495,82.92882576098481,11.967452256314846,5.10372198270035,H
63,Random Forest,False,2026-06-26,Group Stage,H,Cape Verde,Saudi Arabia,1.1706783383118664,1.1524188750617745,1.2127500000000002,1.2127500000000002,0.3529169418481671,0.3031477091472471,0.3439353490045858,35.291694184816706,30.314770914724708,34.393534900458576,H
64,Random Forest,False,2026-06-26,Group Stage,H,Uruguay,Spain,0.7184248011411997,1.3525520661136103,1.2491325000000004,1.1355750000000002,0.1887780221522748,0.3013348547291708,0.5098871231185544,18.87780221522748,30.133485472917084,50.988712311855444,A
65,Random Forest,False,2026-06-26,Group Stage,G,Egypt,Iran,1.24641079644878,1.2529215271019352,1.1355750000000002,1.2491325000000004,0.35314092479581394,0.29061481390604615,0.35624426129814,35.31409247958139,29.061481390604616,35.624426129814005,A
66,Random Forest,False,2026-06-26,Group Stage,G,New Zealand,Belgium,0.8871782123216052,4.32450633362883,1.2127500000000002,1.2127500000000002,0.03015420836032427,0.06278997867490091,0.9070558129647749,3.015420836032427,6.278997867490091,90.70558129647749,A
67,Random Forest,False,2026-06-27,Group Stage,L,Panama,England,0.6564658158733468,2.6053966467887135,1.05,1.0815000000000001,0.06589498380123321,0.14851988854761825,0.7855851276511487,6.589498380123321,14.851988854761824,78.55851276511487,A
68,Random Forest,False,2026-06-27,Group Stage,L,Croatia,Ghana,2.5739142075558914,0.6361078171081027,1.2491325000000004,1.1355750000000002,0.7855766698310239,0.14971307152775062,0.0647102586412254,78.5576669831024,14.971307152775063,6.47102586412254,H
69,Random Forest,False,2026-06-27,Group Stage,K,Colombia,Portugal,1.4564590567305928,1.5401815916345667,1.0815000000000001,1.0815000000000001,0.351154251153302,0.2608694427231986,0.3879763061234993,35.115425115330204,26.08694427231986,38.797630612349934,A
70,Random Forest,False,2026-06-27,Group Stage,K,DR Congo,Uzbekistan,1.4330106977190185,1.0947086889913593,1.05,1.05,0.4379786614272153,0.28371233046457056,0.27830900810821424,43.79786614272153,28.371233046457057,27.830900810821426,H
71,Random Forest,False,2026-06-27,Group Stage,J,Algeria,Austria,1.134857226645793,1.094927340419364,1.05,0.9,0.35484574680083303,0.3102935215036744,0.3348607316954926,35.484574680083306,31.02935215036744,33.48607316954926,H
72,Random Forest,False,2026-06-27,Group Stage,J,Jordan,Argentina,0.5514462420130636,2.149282819121038,1.05,0.9,0.07519169907510534,0.18649218554515834,0.7383161153797361,7.519169907510534,18.649218554515834,73.8316115379736,A
1,Gradient Boosting,False,2026-06-11,Group Stage,A,Mexico,South Africa,2.3905608697086356,0.5487536964204124,1.1025,1.1025,0.7785145223546286,0.15990212470760373,0.06158335293776748,77.85145223546286,15.990212470760373,6.158335293776748,H
2,Gradient Boosting,False,2026-06-11,Group Stage,A,South Korea,Czech Republic,1.8982483783727582,1.0309564955699335,1.1025,1.1025,0.5678175577561169,0.23855976595702091,0.19362267628686222,56.781755775611686,23.855976595702092,19.362267628686222,H
3,Gradient Boosting,False,2026-06-12,Group Stage,B,Canada,Bosnia and Herzegovina,2.0284871401443105,0.9574863528767407,1.1025,1.1025,0.6139009080770144,0.2235466425028692,0.16255244942011646,61.390090807701434,22.35466425028692,16.255244942011647,H
4,Gradient Boosting,False,2026-06-12,Group Stage,D,United States,Paraguay,2.8866992409822174,0.889896933499953,1.1025,1.1025,0.7760171453649782,0.1420498363992142,0.08193301823580756,77.60171453649782,14.20498363992142,8.193301823580757,H
5,Gradient Boosting,False,2026-06-13,Group Stage,B,Qatar,Switzerland,1.0075761554930123,1.6915121190163187,1.1025,1.1025,0.21571113843907644,0.2594270024361792,0.5248618591247445,21.571113843907643,25.94270024361792,52.48618591247445,A
6,Gradient Boosting,False,2026-06-13,Group Stage,C,Brazil,Morocco,1.2747329148791091,0.8937348843486397,1.1025,1.1025,0.44200644073348166,0.3076319461811236,0.2503616130853948,44.200644073348165,30.76319461811236,25.03616130853948,H
7,Gradient Boosting,False,2026-06-13,Group Stage,C,Haiti,Scotland,0.7985905993537908,1.6351899338925335,1.1025,1.1025,0.17251035756679997,0.26385329644952554,0.5636363459836744,17.251035756679997,26.385329644952556,56.36363459836744,A
8,Gradient Boosting,False,2026-06-14,Group Stage,D,Australia,Turkey,1.776354600030585,0.9514695613743376,1.1025,1.1025,0.5589862810526087,0.2499671729983031,0.1910465459490882,55.89862810526087,24.99671729983031,19.104654594908823,H
9,Gradient Boosting,False,2026-06-14,Group Stage,E,Germany,Curacao,7.114254451356264,0.8151914227134046,1.1025,1.1025,0.9835587471902599,0.012127594110472015,0.0043136586992678725,98.35587471902599,1.2127594110472015,0.43136586992678727,H
10,Gradient Boosting,False,2026-06-14,Group Stage,F,Netherlands,Japan,2.2033287356450812,1.0725991414787492,1.1025,1.1025,0.6228204781962359,0.2103171005097049,0.16686242129405926,62.282047819623585,21.03171005097049,16.686242129405926,H
11,Gradient Boosting,False,2026-06-14,Group Stage,E,Ivory Coast,Ecuador,0.9981401342533575,0.30495109338612725,1.1025,1.1025,0.520906793665331,0.3741309711325156,0.10496223520215343,52.0906793665331,37.41309711325156,10.496223520215343,H
12,Gradient Boosting,False,2026-06-14,Group Stage,F,Sweden,Tunisia,3.775527816109197,1.2701318897443181,1.1025,1.1025,0.812834882185881,0.1078437894551551,0.07932132835896394,81.28348821858809,10.78437894551551,7.932132835896394,H
13,Gradient Boosting,False,2026-06-15,Group Stage,H,Spain,Cape Verde,0.9063727491277135,0.38488818501817035,1.1025,1.1025,0.4614459504440306,0.3948729441013793,0.14368110545459017,46.14459504440306,39.48729441013793,14.368110545459018,H
14,Gradient Boosting,False,2026-06-15,Group Stage,G,Belgium,Egypt,1.9650999484874316,0.7872069658497907,1.1025,1.1025,0.642458471866572,0.22366912264714364,0.13387240548628446,64.2458471866572,22.366912264714365,13.387240548628446,H
15,Gradient Boosting,False,2026-06-15,Group Stage,H,Saudi Arabia,Uruguay,0.6455636205998315,1.2569002741048285,1.1025,1.1025,0.1813752482525747,0.3165233931211957,0.5021013586262296,18.13752482525747,31.652339312119572,50.21013586262296,A
16,Gradient Boosting,False,2026-06-15,Group Stage,G,Iran,New Zealand,2.187794551303722,0.9620928483761431,1.1025,1.1025,0.6453131461837999,0.20775357356850135,0.14693328024769867,64.53131461837998,20.775357356850137,14.693328024769867,H
17,Gradient Boosting,False,2026-06-16,Group Stage,I,France,Senegal,2.426443802724622,1.10825755679697,1.1025,1.1025,0.657352336330363,0.19177182803998455,0.1508758356296525,65.7352336330363,19.177182803998456,15.087583562965252,H
18,Gradient Boosting,False,2026-06-16,Group Stage,I,Iraq,Norway,0.7983137119612429,3.776796896992402,1.1025,1.1025,0.03701600064688577,0.08052871972744778,0.8824552796256665,3.7016000646885767,8.052871972744779,88.24552796256665,A
19,Gradient Boosting,False,2026-06-16,Group Stage,J,Argentina,Algeria,2.6625159733907946,0.322229099907461,1.1025,1.1025,0.8639437465762594,0.11129511120277598,0.024761142220964667,86.39437465762595,11.129511120277598,2.4761142220964665,H
20,Gradient Boosting,False,2026-06-17,Group Stage,J,Austria,Jordan,2.621388736446947,0.7744619091004887,1.1025,1.1025,0.7624482911352086,0.15607092571401293,0.08148078315077865,76.24482911352086,15.607092571401292,8.148078315077866,H
21,Gradient Boosting,False,2026-06-17,Group Stage,K,Portugal,DR Congo,2.13392930434706,0.6481222109310985,1.1025,1.1025,0.711129453355237,0.19588384573766401,0.0929867009070989,71.1129453355237,19.5883845737664,9.29867009070989,H
22,Gradient Boosting,False,2026-06-17,Group Stage,L,England,Croatia,3.7457760052977345,1.8946372796813564,1.1025,1.1025,0.7086739081277494,0.13588415146034727,0.1554419404119032,70.86739081277494,13.588415146034727,15.544194041190321,H
23,Gradient Boosting,False,2026-06-17,Group Stage,L,Ghana,Panama,1.303214339852177,1.1368409922818625,1.1025,1.1025,0.39330648672428253,0.2934191883472383,0.313274324928479,39.330648672428254,29.341918834723828,31.3274324928479,H
24,Gradient Boosting,False,2026-06-17,Group Stage,K,Uzbekistan,Colombia,0.65736144858163,1.9618753928348507,1.1025,1.1025,0.10793059090276766,0.2169047806394937,0.6751646284577386,10.793059090276765,21.69047806394937,67.51646284577386,A
25,Gradient Boosting,False,2026-06-18,Group Stage,A,Czech Republic,South Africa,2.377337121962765,1.28818713630995,1.1550000000000002,1.1550000000000002,0.6091255036543076,0.20151337354998938,0.18936112279570308,60.91255036543076,20.151337354998937,18.93611227957031,H
26,Gradient Boosting,False,2026-06-18,Group Stage,B,Switzerland,Bosnia and Herzegovina,3.115611664290495,0.9408398010608678,1.1355750000000002,1.1355750000000002,0.7955162450650881,0.12858941739960056,0.07589433753531119,79.55162450650882,12.858941739960056,7.589433753531119,H
27,Gradient Boosting,False,2026-06-18,Group Stage,B,Canada,Qatar,3.7698850961297588,0.791278807567795,1.1355750000000002,1.1355750000000002,0.8829151143610475,0.08041295881712437,0.036671926821828134,88.29151143610476,8.041295881712438,3.6671926821828134,H
28,Gradient Boosting,False,2026-06-18,Group Stage,A,Mexico,South Korea,1.2000904276840962,0.7106504534791023,1.0815000000000001,1.1355750000000002,0.46705218694156675,0.3239564725719562,0.20899134048647686,46.70521869415668,32.39564725719562,20.899134048647685,H
29,Gradient Boosting,False,2026-06-19,Group Stage,D,United States,Australia,1.611359518498369,0.9300375047571706,1.0815000000000001,1.0815000000000001,0.5240153549774711,0.2679947341473173,0.20798991087521157,52.40153549774711,26.79947341473173,20.798991087521156,H
30,Gradient Boosting,False,2026-06-19,Group Stage,C,Scotland,Morocco,0.46257554674235735,1.2210411966950998,1.1355750000000002,1.1355750000000002,0.1320032457222072,0.3231474294257766,0.5448493248520161,13.20032457222072,32.31474294257766,54.48493248520161,A
31,Gradient Boosting,False,2026-06-19,Group Stage,C,Brazil,Haiti,3.3647654821747675,0.43227422864830883,1.1355750000000002,1.1550000000000002,0.9051307782364968,0.07484561524597091,0.02002360651753247,90.51307782364968,7.484561524597091,2.0023606517532473,H
32,Gradient Boosting,False,2026-06-20,Group Stage,D,Turkey,Paraguay,1.6198605888169457,1.4551095013774753,1.1550000000000002,1.1550000000000002,0.40768889872622904,0.25618942550185675,0.33612167577191426,40.76888987262291,25.618942550185675,33.61216757719143,H
33,Gradient Boosting,False,2026-06-20,Group Stage,F,Netherlands,Sweden,2.7178582318007796,0.8909458331331003,1.1355750000000002,1.1355750000000002,0.752058088389647,0.15564043961464294,0.09230147199570997,75.2058088389647,15.564043961464295,9.230147199570997,H
34,Gradient Boosting,False,2026-06-20,Group Stage,E,Germany,Ivory Coast,2.2227778505374323,0.9436954944078526,1.0815000000000001,1.1355750000000002,0.6564281386054698,0.2035383451524139,0.1400335162421164,65.64281386054698,20.353834515241388,14.003351624211641,H
35,Gradient Boosting,False,2026-06-20,Group Stage,E,Ecuador,Curacao,0.9325278617324155,0.28649402358092424,1.1550000000000002,1.1550000000000002,0.5027159646801598,0.39253605039717193,0.10474798492266828,50.27159646801598,39.25360503971719,10.474798492266828,H
36,Gradient Boosting,False,2026-06-21,Group Stage,F,Tunisia,Japan,0.7690535526115736,2.5070012761824607,1.1550000000000002,1.1355750000000002,0.08772468457229507,0.16606574209879324,0.7462095733289118,8.772468457229508,16.606574209879323,74.62095733289118,A
37,Gradient Boosting,False,2026-06-21,Group Stage,H,Spain,Saudi Arabia,4.006805281345792,0.2358894496890852,1.1355750000000002,1.1355750000000002,0.9607016434001572,0.034431945779200245,0.0048664108206424635,96.07016434001572,3.4431945779200244,0.48664108206424633,H
38,Gradient Boosting,False,2026-06-21,Group Stage,G,Belgium,Iran,1.6646311627499248,1.0227940390855377,1.1355750000000002,1.1355750000000002,0.5145701121540701,0.26219516968836265,0.22323471815756726,51.457011215407015,26.219516968836267,22.323471815756726,H
39,Gradient Boosting,False,2026-06-21,Group Stage,H,Uruguay,Cape Verde,2.252734550411911,0.9307482945423098,1.1355750000000002,1.1355750000000002,0.6651702268249468,0.2000171211430715,0.13481265203198173,66.51702268249467,20.00171211430715,13.481265203198173,H
40,Gradient Boosting,False,2026-06-21,Group Stage,G,New Zealand,Egypt,0.8821115781498823,2.1180733800866505,1.1355750000000002,1.1355750000000002,0.13818326074006362,0.21133410943610065,0.6504826298238355,13.818326074006363,21.133410943610066,65.04826298238355,A
41,Gradient Boosting,False,2026-06-22,Group Stage,J,Argentina,Austria,2.355307365983763,0.6524701652720077,1.0815000000000001,1.0815000000000001,0.7486017591050889,0.17225374118467915,0.07914449971023205,74.86017591050889,17.225374118467915,7.914449971023204,H
42,Gradient Boosting,False,2026-06-22,Group Stage,I,France,Iraq,3.265243040980371,0.4506706849996057,1.0815000000000001,1.1550000000000002,0.894982138495566,0.08193774451695124,0.023080116987482774,89.49821384955659,8.193774451695123,2.3080116987482775,H
43,Gradient Boosting,False,2026-06-22,Group Stage,I,Norway,Senegal,1.3655396244080682,2.5963107778616266,1.0815000000000001,1.1550000000000002,0.17972842100907827,0.18694570078292763,0.633325878207994,17.972842100907826,18.694570078292763,63.332587820799404,A
44,Gradient Boosting,False,2026-06-22,Group Stage,J,Jordan,Algeria,1.0148897335217626,1.9931408477554171,1.1550000000000002,1.1550000000000002,0.1786169376308721,0.22876760156686254,0.5926154608022653,17.86169376308721,22.876760156686256,59.26154608022654,A
45,Gradient Boosting,False,2026-06-23,Group Stage,K,Portugal,Uzbekistan,3.5297103396958627,0.9271675720061867,1.1025,1.1550000000000002,0.8424364155450049,0.10167483155334343,0.0558887529016516,84.2436415545005,10.167483155334343,5.58887529016516,H
46,Gradient Boosting,False,2026-06-23,Group Stage,L,England,Ghana,0.44125729288586363,0.20366550482033008,1.0815000000000001,1.0815000000000001,0.2995544405581323,0.5804723152482557,0.11997324419361201,29.95544405581323,58.04723152482557,11.9973244193612,D
47,Gradient Boosting,False,2026-06-23,Group Stage,L,Panama,Croatia,0.8603579721634163,1.5395718515666783,1.1550000000000002,1.1550000000000002,0.20046099649628868,0.27629585487699887,0.5232431486267124,20.046099649628868,27.629585487699888,52.32431486267124,A
48,Gradient Boosting,False,2026-06-23,Group Stage,K,Colombia,DR Congo,2.18768691752889,0.5699250552875832,1.1355750000000002,1.1355750000000002,0.7403962553542158,0.18363637610289502,0.07596736854288917,74.03962553542158,18.3636376102895,7.596736854288917,H
49,Gradient Boosting,False,2026-06-24,Group Stage,B,Switzerland,Canada,1.7376393099113236,1.146816227995121,1.0815000000000001,1.0815000000000001,0.5031122009232806,0.2545157821518953,0.24237201692482402,50.31122009232806,25.451578215189528,24.2372016924824,H
50,Gradient Boosting,False,2026-06-24,Group Stage,B,Bosnia and Herzegovina,Qatar,2.5663198171803563,1.0217686783234836,1.05,1.05,0.7005447618217698,0.17590400393468072,0.12355123424354975,70.05447618217698,17.590400393468073,12.355123424354975,H
51,Gradient Boosting,False,2026-06-24,Group Stage,C,Scotland,Brazil,0.520344755126711,2.0356701625284996,1.2491325000000004,1.1355750000000002,0.07677451654248713,0.19754279862107585,0.725682684836437,7.677451654248713,19.754279862107584,72.5682684836437,A
52,Gradient Boosting,False,2026-06-24,Group Stage,C,Morocco,Haiti,3.703580043551919,0.8000743954471835,1.1355750000000002,1.05,0.8766188261163216,0.08424167153663656,0.03913950234704193,87.66188261163215,8.424167153663657,3.913950234704193,H
53,Gradient Boosting,False,2026-06-24,Group Stage,A,Czech Republic,Mexico,0.749357425184307,1.9633221441249065,1.2127500000000002,0.9,0.12629002888930102,0.22200603026444285,0.6517039408462562,12.629002888930103,22.200603026444284,65.17039408462561,A
54,Gradient Boosting,False,2026-06-24,Group Stage,A,South Africa,South Korea,1.0092578491541035,1.604367146958734,1.2127500000000002,1.2127500000000002,0.228730399869757,0.26850026359852336,0.5027693365317196,22.873039986975698,26.850026359852336,50.276933653171966,A
55,Gradient Boosting,False,2026-06-25,Group Stage,E,Ecuador,Germany,1.2779387600947336,1.2651671146050323,1.2127500000000002,0.9,0.3591769925124437,0.28768780685125456,0.35313520063630177,35.91769925124437,28.768780685125456,35.31352006363018,H
56,Gradient Boosting,False,2026-06-25,Group Stage,E,Curacao,Ivory Coast,0.7671853209773021,2.7358388171376196,1.2127500000000002,1.1025,0.07399269796326002,0.14570513190650025,0.7803021701302397,7.399269796326003,14.570513190650026,78.03021701302397,A
57,Gradient Boosting,False,2026-06-25,Group Stage,F,Japan,Sweden,2.664191798668211,0.9365408545400569,1.2127500000000002,1.1355750000000002,0.7344172404534716,0.1629266044136844,0.10265615513284408,73.44172404534716,16.29266044136844,10.265615513284407,H
58,Gradient Boosting,False,2026-06-25,Group Stage,F,Tunisia,Netherlands,1.005408958928636,2.6638936728565223,1.05,1.0815000000000001,0.11327063335231494,0.1668584692769195,0.7198708973707655,11.327063335231493,16.685846927691948,71.98708973707654,A
59,Gradient Boosting,False,2026-06-25,Group Stage,D,Turkey,United States,1.3603178431157623,1.2167158062831847,1.05,0.9,0.39144252261342194,0.2845971278099225,0.3239603495766556,39.144252261342196,28.459712780992252,32.396034957665556,H
60,Gradient Boosting,False,2026-06-25,Group Stage,D,Paraguay,Australia,0.9655190212614558,0.9651003498499974,1.05,0.9,0.3317111728605993,0.3368001316408528,0.3314886954985481,33.17111728605993,33.68001316408528,33.14886954985481,D
61,Gradient Boosting,False,2026-06-26,Group Stage,I,Norway,France,0.852580801256731,3.1469824541640996,0.9,0.9,0.06412201833247373,0.12062161889797053,0.8152563627695558,6.412201833247373,12.062161889797054,81.52563627695558,A
62,Gradient Boosting,False,2026-06-26,Group Stage,I,Senegal,Iraq,3.8371909136715447,0.7165353772501203,1.05,1.05,0.8977556339012153,0.07247440675894118,0.02976995933984363,89.77556339012153,7.247440675894118,2.9769959339843632,H
63,Gradient Boosting,False,2026-06-26,Group Stage,H,Cape Verde,Saudi Arabia,1.376512538222445,1.3305274377931595,1.2127500000000002,1.2127500000000002,0.3719453654315623,0.2772739304002062,0.35078070416823165,37.19453654315623,27.72739304002062,35.07807041682317,H
64,Gradient Boosting,False,2026-06-26,Group Stage,H,Uruguay,Spain,0.6469640694071099,1.7618311092219074,1.2491325000000004,1.1355750000000002,0.12343851456938461,0.24202776581946728,0.6345337196111481,12.343851456938461,24.20277658194673,63.45337196111481,A
65,Gradient Boosting,False,2026-06-26,Group Stage,G,Egypt,Iran,1.2145058235096813,1.2237442973275097,1.1355750000000002,1.2491325000000004,0.35036741994757337,0.2948142451440267,0.3548183349084001,35.036741994757335,29.481424514402672,35.48183349084001,A
66,Gradient Boosting,False,2026-06-26,Group Stage,G,New Zealand,Belgium,1.110299109787172,4.5182116249126025,1.2127500000000002,1.2127500000000002,0.03954616552238517,0.06735851679682331,0.8930953176807916,3.9546165522385173,6.735851679682331,89.30953176807917,A
67,Gradient Boosting,False,2026-06-27,Group Stage,L,Panama,England,0.4005788093716825,3.6848913240721926,1.05,1.0815000000000001,0.013721778176638309,0.05718122178453954,0.929097000038822,1.3721778176638308,5.718122178453954,92.90970000388221,A
68,Gradient Boosting,False,2026-06-27,Group Stage,L,Croatia,Ghana,2.6894894640787865,0.484874228478918,1.2491325000000004,1.1355750000000002,0.8330236399185644,0.12589571198644955,0.04108064809498617,83.30236399185644,12.589571198644956,4.108064809498617,H
69,Gradient Boosting,False,2026-06-27,Group Stage,K,Colombia,Portugal,1.213358159683914,1.819565817960652,1.0815000000000001,1.0815000000000001,0.24581635931045098,0.2468609157201196,0.5073227249694295,24.5816359310451,24.68609157201196,50.732272496942954,A
70,Gradient Boosting,False,2026-06-27,Group Stage,K,DR Congo,Uzbekistan,1.2059558192278572,1.0509142531574986,1.05,1.05,0.38505392713607245,0.3070152190533163,0.30793085381061125,38.50539271360724,30.70152190533163,30.793085381061125,H
71,Gradient Boosting,False,2026-06-27,Group Stage,J,Algeria,Austria,0.896839402009754,1.355134831772782,1.05,0.9,0.23788363613611696,0.29800011447361924,0.46411624939026375,23.788363613611697,29.800011447361925,46.411624939026375,A
72,Gradient Boosting,False,2026-06-27,Group Stage,J,Jordan,Argentina,0.5996725352885872,2.282249053501728,1.05,0.9,0.07516642535504346,0.1756669080352819,0.7491666666096747,7.516642535504346,17.56669080352819,74.91666666096746,A
